{
    "origin": [
        [
            0.0,
            0.0
        ]
    ],
    "kl": [
        [
            [
                30.886644818459153,
                -2.1930988871903967
            ],
            [
                37.74739170392145,
                -4.416609066792782
            ],
            [
                30.071947245600455,
                -6.9927455715664
            ],
            [
                52.07775848363192,
                -4.375178511759968
            ],
            [
                61.07575736560914,
                -1.7602527634148943
            ],
            [
                32.194569564084254,
                -3.286894489746322
            ],
            [
                48.35302026217499,
                -0.669911542951914
            ],
            [
                63.293231171414455,
                0.5993271748059787
            ],
            [
                42.73400992590398,
                1.7962372848266672
            ],
            [
                37.301393972495006,
                4.406917789825737
            ]
        ]
    ],
    "add_width": [
        false
    ],
    "score": 1.7243141223436809
}