{
    "origin": [
        [
            0.0,
            0.0
        ]
    ],
    "kl": [
        [
            [
                30.680400198420408,
                -1.323485826163747
            ],
            [
                53.12959286864394,
                -3.9383287383715264
            ],
            [
                112.79414908132125,
                -6.554552783275016
            ],
            [
                106.77177135240785,
                -4.759537804837545
            ],
            [
                67.65857074963674,
                -2.1590488726869648
            ],
            [
                39.073899737511596,
                -3.5369945924596786
            ],
            [
                108.18377681918622,
                -2.6618483044808
            ],
            [
                71.1699328316964,
                -0.8171609464114973
            ],
            [
                72.26772227055957,
                1.6971727269165535
            ],
            [
                50.65560201863994,
                -0.27997083448021765
            ]
        ]
    ],
    "add_width": [
        false
    ],
    "score": 1.5034418169310841
}