{
    "origin": [
        [
            0.0,
            0.0
        ]
    ],
    "kl": [
        [
            [
                67.44052796155297,
                -1.7569884396725879
            ],
            [
                30.070844492487428,
                -4.3723338155902045
            ],
            [
                30.05788875920288,
                -2.8441668812411276
            ],
            [
                70.61317767846693,
                -5.461939181313738
            ],
            [
                70.5734726870339,
                -6.356116316366893
            ],
            [
                30.19923714630701,
                -4.0459451977597025
            ],
            [
                52.43763018102054,
                -6.657474013966361
            ],
            [
                31.512897965516434,
                -9.272032868345862
            ],
            [
                33.163934523448795,
                -7.097069223503862
            ],
            [
                88.81478372456166,
                -9.714610787989788
            ]
        ]
    ],
    "add_width": [
        false
    ],
    "score": 1.740666315032799
}