{
    "origin": [
        [
            0.0,
            0.0
        ]
    ],
    "kl": [
        [
            [
                30.93636661496148,
                -1.763028441076343
            ],
            [
                42.74415517764948,
                0.5032114262419676
            ],
            [
                58.22987208584334,
                -2.105962676393708
            ],
            [
                30.432030887686018,
                -4.723880944467239
            ],
            [
                31.45115728223695,
                -2.9923610960596636
            ],
            [
                49.32141221769639,
                -4.497323525248607
            ],
            [
                32.8594231776906,
                -7.104846897751447
            ],
            [
                38.606677315783244,
                -5.3630061973068175
            ],
            [
                38.313928190961114,
                -7.404296454286669
            ],
            [
                30.315807200147873,
                -10.016374825696122
            ]
        ]
    ],
    "add_width": [
        false
    ],
    "score": 1.7473099010262105
}