{
    "origin": [
        [
            0.0,
            0.0
        ]
    ],
    "kl": [
        [
            [
                48.175000180718996,
                -1.6588062995283732
            ],
            [
                52.04905732604037,
                -4.271052680650485
            ],
            [
                80.5779796940532,
                -6.246881745515761
            ],
            [
                30.250034306018364,
                -5.150650291346546
            ],
            [
                30.89742403440627,
                -6.030337761690206
            ],
            [
                116.89724492267479,
                -8.646087629511747
            ],
            [
                42.672568082193955,
                -6.80450963938628
            ],
            [
                84.52769471798126,
                -9.419865745067714
            ],
            [
                76.22527658668943,
                -12.02474736163401
            ],
            [
                39.32455954154631,
                -10.064402491177496
            ]
        ]
    ],
    "add_width": [
        false
    ],
    "score": 1.733717798177874
}