{
    "origin": [
        [
            0.0,
            0.0
        ]
    ],
    "kl": [
        [
            [
                33.72882693507343,
                -2.5157476106699725
            ],
            [
                31.3055705528469,
                -4.794583640360712
            ],
            [
                30.063969522548867,
                -6.601600941087078
            ],
            [
                31.557775956927287,
                -3.98870813342873
            ],
            [
                31.07467898994279,
                -2.096027099273422
            ],
            [
                33.4036642673472,
                -3.8872713428690533
            ],
            [
                66.36429614781072,
                -1.2737739037861329
            ],
            [
                64.98951324173558,
                0.35658327850326654
            ],
            [
                52.44436141657394,
                1.636148619234278
            ],
            [
                40.97606396033737,
                4.25311354158992
            ]
        ]
    ],
    "add_width": [
        false
    ],
    "score": 1.690861562992532
}