{
    "origin": [
        [
            0.0,
            0.0
        ]
    ],
    "kl": [
        [
            [
                30.12951749661985,
                -1.5777013800205206
            ],
            [
                46.74284874822231,
                0.7582848344538737
            ],
            [
                58.913819282893684,
                -1.8592448420195185
            ],
            [
                30.38463918635962,
                -4.475446315960723
            ],
            [
                30.50306205020417,
                -2.6642453536463977
            ],
            [
                55.7491762508032,
                -4.275797757699628
            ],
            [
                33.77215401411065,
                -6.8930178039737555
            ],
            [
                32.426697978597204,
                -5.047373669595919
            ],
            [
                39.94909775303318,
                -7.012668322258749
            ],
            [
                31.031823876284136,
                -9.627284208358832
            ]
        ]
    ],
    "add_width": [
        false
    ],
    "score": 1.744531606105753
}