{
    "origin": [
        [
            0.0,
            0.0
        ]
    ],
    "kl": [
        [
            [
                80.3764551230471,
                1.4398072319752517
            ],
            [
                67.42643139762964,
                -1.1781179069338592
            ],
            [
                30.080870580278678,
                -2.0508109387706583
            ],
            [
                30.01438028399683,
                -0.12892191149262278
            ],
            [
                84.18466421612226,
                -2.74686633518839
            ],
            [
                30.016686565351964,
                -3.620209141797428
            ],
            [
                35.02753355415585,
                -4.904415159336679
            ],
            [
                30.023798746599404,
                -3.2653329353835083
            ],
            [
                87.58333902038686,
                -5.883217352835942
            ],
            [
                39.857110893862746,
                -8.082877081984773
            ]
        ]
    ],
    "add_width": [
        false
    ],
    "score": 1.677236222751416
}