{
    "origin": [
        [
            0.0,
            0.0
        ]
    ],
    "kl": [
        [
            [
                34.44426304277051,
                -1.057275950977546
            ],
            [
                30.02045541180232,
                1.5580625680068956
            ],
            [
                38.1219410730006,
                -1.0596172572307199
            ],
            [
                79.01706718061348,
                -3.309761937055132
            ],
            [
                33.66989346795067,
                -5.927160165741359
            ],
            [
                32.9734661227564,
                -4.052258996078164
            ],
            [
                58.41015798065712,
                -5.662160899123756
            ],
            [
                30.02279878518,
                -8.267093767485042
            ],
            [
                41.8839857623887,
                -7.005191268082786
            ],
            [
                37.56183002634421,
                -9.622283979664884
            ]
        ]
    ],
    "add_width": [
        false
    ],
    "score": 1.7435065000819068
}