{
    "origin": [
        [
            0.0,
            0.0
        ]
    ],
    "kl": [
        [
            [
                76.19189502246907,
                1.285630648564139
            ],
            [
                72.44534023592277,
                -1.3319723566199448
            ],
            [
                38.54565780723988,
                -2.30695294315351
            ],
            [
                30.041168508372877,
                -0.45238069147914484
            ],
            [
                75.87805232815717,
                -3.0652564631754142
            ],
            [
                32.508918532171144,
                -3.958787019105526
            ],
            [
                42.1908467345282,
                -4.979351323094659
            ],
            [
                30.15891287901471,
                -3.609128120137781
            ],
            [
                85.27258627279612,
                -6.227119583956982
            ],
            [
                37.64305427064402,
                -8.230487712947038
            ]
        ]
    ],
    "add_width": [
        false
    ],
    "score": 1.6648778826395962
}