{
    "origin": [
        [
            0.0,
            0.0
        ]
    ],
    "kl": [
        [
            [
                32.410894664160466,
                -1.0320804961999452
            ],
            [
                30.000214720572497,
                1.5858605613918013
            ],
            [
                40.264978681905795,
                -1.0319470124676777
            ],
            [
                72.16416446364856,
                -3.3637628855445496
            ],
            [
                31.384614793489323,
                -5.981719229498923
            ],
            [
                30.045709925228703,
                -3.842594336810461
            ],
            [
                58.1474865046888,
                -5.635189668116707
            ],
            [
                30.070711395163816,
                -8.253007452267568
            ],
            [
                33.743272405219145,
                -6.867659289011479
            ],
            [
                37.62675527355856,
                -9.484389666477165
            ]
        ]
    ],
    "add_width": [
        false
    ],
    "score": 1.7465759691167344
}