{
    "origin": [
        [
            0.0,
            0.0
        ]
    ],
    "kl": [
        [
            [
                96.7372244964976,
                -1.8702106135079601
            ],
            [
                50.74926426800785,
                -4.482759914456242
            ],
            [
                33.393252030544545,
                -2.8247624660811073
            ],
            [
                76.36461602359846,
                -5.432127687452636
            ],
            [
                77.85082744327018,
                -6.3288326906344805
            ],
            [
                50.90144687793592,
                -4.211505254800049
            ],
            [
                83.0414101934622,
                -6.798162816097211
            ],
            [
                31.99442318385542,
                -9.207089076348748
            ],
            [
                43.5947450733525,
                -7.187187932762638
            ],
            [
                103.14816713698332,
                -9.797709844608953
            ]
        ]
    ],
    "add_width": [
        false
    ],
    "score": 1.7070620037086073
}