{
    "origin": [
        [
            0.0,
            0.0
        ]
    ],
    "kl": [
        [
            [
                39.41075788836016,
                -1.3579650962819896
            ],
            [
                53.67717095672464,
                -3.8946280201263384
            ],
            [
                81.95450711373424,
                -6.224003224863116
            ],
            [
                30.436933208201896,
                -5.119733118017802
            ],
            [
                30.09487057449587,
                -5.993116135680707
            ],
            [
                116.79768584436137,
                -8.61044540867063
            ],
            [
                30.661047254745107,
                -6.758375487436142
            ],
            [
                67.97897905900084,
                -9.375424458923664
            ],
            [
                73.57250392816287,
                -11.992433514047299
            ],
            [
                37.57351042913042,
                -9.969985665221227
            ]
        ]
    ],
    "add_width": [
        false
    ],
    "score": 1.7500644552856708
}