{
    "origin": [
        [
            0.0,
            0.0
        ]
    ],
    "kl": [
        [
            [
                60.003835081094365,
                2.0093997584575014
            ],
            [
                99.99859936820457,
                -0.6085836437115786
            ],
            [
                97.7105778606436,
                -2.675246598265964
            ],
            [
                60.00402454021402,
                -5.293238686969463
            ]
        ]
    ],
    "add_width": [
        false
    ],
    "score": 1.506057325456398
}