{
    "origin": [
        [
            0.0,
            0.0
        ]
    ],
    "kl": [
        [
            [
                26.892014075664317,
                2.761428004073195
            ],
            [
                33.81618826335207,
                0.6577527619797805
            ],
            [
                39.99295084998016,
                -1.4401292487589052
            ]
        ]
    ],
    "add_width": [
        false
    ],
    "score": 0.9344274795101004
}