{
    "origin": [
        [
            0.0,
            0.0
        ]
    ],
    "kl": [
        [
            [
                26.553148068241516,
                2.7925180159344114
            ],
            [
                22.425203058103605,
                0.4402632306694927
            ],
            [
                29.999972959347424,
                -1.171426017228562
            ]
        ]
    ],
    "add_width": [
        false
    ],
    "score": 0.8014884453339659
}