{
    "origin": [
        [
            0.0,
            0.0
        ]
    ],
    "kl": [
        [
            [
                16.036711329498544,
                2.792485903808024
            ],
            [
                7.943323053874333,
                0.6086451721067472
            ],
            [
                23.99952837112603,
                -0.8642994193701052
            ]
        ]
    ],
    "add_width": [
        false
    ],
    "score": 0.36850539913139574
}