{
    "origin": [
        [
            0.0,
            0.0
        ]
    ],
    "kl": [
        [
            [
                22.985943887464458,
                2.7925240428343687
            ],
            [
                20.361923059972277,
                0.56429942602123
            ],
            [
                29.999969567609178,
                -1.1811932435853283
            ]
        ]
    ],
    "add_width": [
        false
    ],
    "score": 0.8064187296649801
}