{
    "origin": [
        [
            0.0,
            0.0
        ]
    ],
    "kl": [
        [
            [
                33.038232560399564,
                2.784837197448577
            ],
            [
                39.99999795360295,
                0.5050153016001375
            ],
            [
                39.999992099662514,
                -1.4969468354603048
            ]
        ]
    ],
    "add_width": [
        false
    ],
    "score": 0.9630836003329252
}