{
    "origin": [
        [
            0.0,
            0.0
        ]
    ],
    "kl": [
        [
            [
                14.046763883049973,
                2.792450725196945
            ],
            [
                7.087665344896077,
                0.8174290815258747
            ],
            [
                23.999422200492653,
                -0.8736999206328429
            ]
        ]
    ],
    "add_width": [
        false
    ],
    "score": 0.4174954484255727
}