{
    "origin": [
        [
            0.0,
            0.0
        ]
    ],
    "kl": [
        [
            [
                27.850718318084684,
                2.786608001007008
            ],
            [
                35.482343850516095,
                0.6347143483866935
            ],
            [
                39.97819578717253,
                -1.456926331802293
            ]
        ]
    ],
    "add_width": [
        false
    ],
    "score": 0.9429698193540316
}