{
    "origin": [
        [
            0.0,
            0.0
        ]
    ],
    "kl": [
        [
            [
                23.161070522946297,
                2.79252679510757
            ],
            [
                20.477342142625076,
                0.5574656208968087
            ],
            [
                29.99999738031336,
                -1.1814596752295008
            ]
        ]
    ],
    "add_width": [
        false
    ],
    "score": 0.8065570641538682
}