{
    "origin": [
        [
            0.0,
            0.0
        ]
    ],
    "kl": [
        [
            [
                14.24028208862346,
                2.792519652489732
            ],
            [
                7.170890569768883,
                0.7937370463133724
            ],
            [
                23.999576680218254,
                -0.8740164075720804
            ]
        ]
    ],
    "add_width": [
        false
    ],
    "score": 0.4159560660798481
}