{
    "origin": [
        [
            0.0,
            0.0
        ]
    ],
    "kl": [
        [
            [
                15.246587727161744,
                2.7921114185567975
            ],
            [
                7.59159480229243,
                0.6822597003415303
            ],
            [
                23.9977978557891,
                -0.8701598449179475
            ]
        ]
    ],
    "add_width": [
        false
    ],
    "score": 0.39465975026128997
}