{
    "origin": [
        [
            0.0,
            0.0
        ]
    ],
    "kl": [
        [
            [
                30.65521531126431,
                2.789455931260954
            ],
            [
                38.07790788627621,
                0.561045495328659
            ],
            [
                39.98974389020329,
                -1.4823181622559063
            ]
        ]
    ],
    "add_width": [
        false
    ],
    "score": 0.9556981070017961
}