{
    "origin": [
        [
            0.0,
            0.0
        ]
    ],
    "kl": [
        [
            [
                20.676161450178846,
                2.79252018786193
            ],
            [
                18.70059072743458,
                0.6653859333729253
            ],
            [
                29.999956970558667,
                -1.1695183176590251
            ]
        ]
    ],
    "add_width": [
        false
    ],
    "score": 0.800688299638936
}