{
    "origin": [
        [
            0.0,
            0.0
        ]
    ],
    "kl": [
        [
            [
                22.08866157250816,
                2.7925165570711177
            ],
            [
                19.74896294969504,
                0.6009594591196197
            ],
            [
                30.0,
                -1.178560805105374
            ]
        ]
    ],
    "add_width": [
        false
    ],
    "score": 0.8051263652388785
}