{
    "origin": [
        [
            0.0,
            0.0
        ]
    ],
    "kl": [
        [
            [
                33.278084729865675,
                2.7786455705890756
            ],
            [
                39.99756715206314,
                0.49715667729984014
            ],
            [
                39.99999267502617,
                -1.496863442795524
            ]
        ]
    ],
    "add_width": [
        false
    ],
    "score": 0.9630418418238955
}