{
    "origin": [
        [
            0.0,
            0.0
        ]
    ],
    "kl": [
        [
            [
                24.647876774590735,
                2.792526773495039
            ],
            [
                21.39981108525169,
                0.5029390450332527
            ],
            [
                29.9999962248748,
                -1.1805833177244809
            ]
        ]
    ],
    "add_width": [
        false
    ],
    "score": 0.8061219136686598
}