{
    "origin": [
        [
            0.0,
            0.0
        ]
    ],
    "kl": [
        [
            [
                29.083453217081225,
                2.783027527456195
            ],
            [
                36.49259040307057,
                0.5991631777779483
            ],
            [
                39.996868514923285,
                -1.4681609000693903
            ]
        ]
    ],
    "add_width": [
        false
    ],
    "score": 0.948616996511969
}