{
    "origin": [
        [
            0.0,
            0.0
        ]
    ],
    "kl": [
        [
            [
                19.820386707688428,
                2.792454172945956
            ],
            [
                18.003254370362207,
                0.7095895834088579
            ],
            [
                29.999931612558356,
                -1.1604866105073757
            ]
        ]
    ],
    "add_width": [
        false
    ],
    "score": 0.7962603134799963
}