{
    "origin": [
        [
            0.0,
            0.0
        ]
    ],
    "kl": [
        [
            [
                33.73411395402118,
                2.767377005099139
            ],
            [
                39.99990819958208,
                0.4824682521659467
            ],
            [
                39.99997614001502,
                -1.4965903056287142
            ]
        ]
    ],
    "add_width": [
        false
    ],
    "score": 0.9629053146548001
}