{
    "origin": [
        [
            0.0,
            0.0
        ]
    ],
    "kl": [
        [
            [
                32.779224341423884,
                2.7915703352932764
            ],
            [
                39.999997780115095,
                0.5135348646319939
            ],
            [
                39.99999192899744,
                -1.496951134733115
            ]
        ]
    ],
    "add_width": [
        false
    ],
    "score": 0.9630857413223844
}