{
    "origin": [
        [
            0.0,
            0.0
        ]
    ],
    "kl": [
        [
            [
                32.11540695402921,
                2.792520993511263
            ],
            [
                39.453875166035616,
                0.5284079650873559
            ],
            [
                39.99609832115907,
                -1.4930671188824398
            ]
        ]
    ],
    "add_width": [
        false
    ],
    "score": 0.9611025797616216
}