{
    "origin": [
        [
            0.0,
            0.0
        ]
    ],
    "kl": [
        [
            [
                13.778184847511612,
                2.791030141768961
            ],
            [
                7.0135852713748905,
                0.8554824350835282
            ],
            [
                23.99037711965911,
                -0.8764007321994003
            ]
        ]
    ],
    "add_width": [
        false
    ],
    "score": 0.41322400123114417
}