{
    "origin": [
        [
            0.0,
            0.0
        ]
    ],
    "kl": [
        [
            [
                31.227793106145466,
                2.79252511864587
            ],
            [
                38.68658520085142,
                0.548749783551405
            ],
            [
                39.99984400660794,
                -1.4872489947869174
            ]
        ]
    ],
    "add_width": [
        false
    ],
    "score": 0.9582265189670387
}