{
    "origin": [
        [
            0.0,
            0.0
        ]
    ],
    "kl": [
        [
            [
                27.242393155186637,
                2.7818712033924156
            ],
            [
                34.78929544224596,
                0.6518733318153225
            ],
            [
                39.98987844053363,
                -1.449392238280295
            ]
        ]
    ],
    "add_width": [
        false
    ],
    "score": 0.9392732949561777
}