{
    "origin": [
        [
            0.0,
            0.0
        ]
    ],
    "kl": [
        [
            [
                23.846041452858778,
                2.7888522136341547
            ],
            [
                31.758059806551806,
                0.7739542552479026
            ],
            [
                39.9955345625204,
                -1.4033453938846834
            ]
        ]
    ],
    "add_width": [
        false
    ],
    "score": 0.9157310141575589
}