{
    "origin": [
        [
            0.0,
            0.0
        ]
    ],
    "kl": [
        [
            [
                32.054099030645006,
                2.7916541835545985
            ],
            [
                39.36887389573667,
                0.5293486067238207
            ],
            [
                39.99232531049203,
                -1.4924323513871447
            ]
        ]
    ],
    "add_width": [
        false
    ],
    "score": 0.9607844452720747
}