{
    "origin": [
        [
            0.0,
            0.0
        ]
    ],
    "kl": [
        [
            [
                31.49008158274108,
                2.7678134273373782
            ],
            [
                38.09970654623415,
                0.532641748516054
            ],
            [
                39.998529555220436,
                -1.4833291853527664
            ]
        ]
    ],
    "add_width": [
        false
    ],
    "score": 0.9562495076279637
}