{
    "origin": [
        [
            0.0,
            0.0
        ]
    ],
    "kl": [
        [
            [
                21.153719308442938,
                2.7925268031612123
            ],
            [
                19.067778366835405,
                0.6425511921975819
            ],
            [
                29.999999999551772,
                -1.1733152635790076
            ]
        ]
    ],
    "add_width": [
        false
    ],
    "score": 0.8025651892291558
}