{
    "origin": [
        [
            0.0,
            0.0
        ]
    ],
    "kl": [
        [
            [
                32.85957020985515,
                2.7894674232967946
            ],
            [
                39.999999754662625,
                0.5108844067815914
            ],
            [
                39.99999996376312,
                -1.4969574630904257
            ]
        ]
    ],
    "add_width": [
        false
    ],
    "score": 0.9630889429047851
}