{
    "origin": [
        [
            0.0,
            0.0
        ]
    ],
    "kl": [
        [
            [
                14.182637916707714,
                2.792462704286025
            ],
            [
                7.142484346629274,
                0.8000402958055011
            ],
            [
                23.998919754280458,
                -0.8736273120985618
            ]
        ]
    ],
    "add_width": [
        false
    ],
    "score": 0.41649082181541786
}