{
    "origin": [
        [
            0.0,
            0.0
        ]
    ],
    "kl": [
        [
            [
                33.42544908429638,
                2.7749863937894435
            ],
            [
                39.99913150575835,
                0.49239805826211214
            ],
            [
                39.99998117858487,
                -1.4968038555208536
            ]
        ]
    ],
    "add_width": [
        false
    ],
    "score": 0.9630113144930846
}