{
    "origin": [
        [
            0.0,
            0.0
        ]
    ],
    "kl": [
        [
            [
                29.994616053787407,
                2.792516072488276
            ],
            [
                37.60504828825664,
                0.5787421751501198
            ],
            [
                39.99986115207901,
                -1.4780508682840128
            ]
        ]
    ],
    "add_width": [
        false
    ],
    "score": 0.9535805075648193
}