{
    "origin": [
        [
            0.0,
            0.0
        ]
    ],
    "kl": [
        [
            [
                28.59001164140602,
                2.7906089014028335
            ],
            [
                36.288313034080765,
                0.6151291357936661
            ],
            [
                39.99290834240278,
                -1.4653214766818863
            ]
        ]
    ],
    "add_width": [
        false
    ],
    "score": 0.9470949416378239
}