{
    "origin": [
        [
            0.0,
            0.0
        ]
    ],
    "kl": [
        [
            [
                14.00399790318438,
                2.7925246147747953
            ],
            [
                7.06459592865913,
                0.8224819338508931
            ],
            [
                23.99996840536303,
                -0.8732812693082781
            ]
        ]
    ],
    "add_width": [
        false
    ],
    "score": 0.4177449484283
}