{
    "origin": [
        [
            0.0,
            0.0
        ]
    ],
    "kl": [
        [
            [
                25.49752693156496,
                2.7925186548857894
            ],
            [
                21.880091542407243,
                0.4741427239103193
            ],
            [
                29.99976061971571,
                -1.1776290597239434
            ]
        ]
    ],
    "add_width": [
        false
    ],
    "score": 0.8046723399225487
}