{
    "origin": [
        [
            0.0,
            0.0
        ]
    ],
    "kl": [
        [
            [
                19.802171201220073,
                2.792486179190222
            ],
            [
                17.98883796050245,
                0.7105965040780879
            ],
            [
                29.999993575383357,
                -1.1602743522737624
            ]
        ]
    ],
    "add_width": [
        false
    ],
    "score": 0.7961636856554875
}