{
    "origin": [
        [
            0.0,
            0.0
        ]
    ],
    "kl": [
        [
            [
                33.20143416623078,
                2.7806596113157727
            ],
            [
                39.99994643483416,
                0.49968285156917336
            ],
            [
                39.99999989726553,
                -1.4969077382959137
            ]
        ]
    ],
    "add_width": [
        false
    ],
    "score": 0.9630635819323687
}