{
    "origin": [
        [
            0.0,
            0.0
        ]
    ],
    "kl": [
        [
            [
                30.1900043673199,
                2.7925187991725755
            ],
            [
                37.777265843595586,
                0.5738417177290227
            ],
            [
                39.9999193557575,
                -1.4795928455511063
            ]
        ]
    ],
    "add_width": [
        false
    ],
    "score": 0.9544076503630778
}