{
    "origin": [
        [
            0.0,
            0.0
        ]
    ],
    "kl": [
        [
            [
                14.585544525436923,
                2.7923463309595467
            ],
            [
                7.311564454274662,
                0.7530344981546966
            ],
            [
                23.999603532616955,
                -0.8732425517579891
            ]
        ]
    ],
    "add_width": [
        false
    ],
    "score": 0.4113268173875585
}