{
    "origin": [
        [
            0.0,
            0.0
        ]
    ],
    "kl": [
        [
            [
                21.493276493729763,
                2.79250653638857
            ],
            [
                19.31985874073373,
                0.6269890484386815
            ],
            [
                29.99993230190638,
                -1.175524762384927
            ]
        ]
    ],
    "add_width": [
        false
    ],
    "score": 0.8036322403577674
}