{
    "origin": [
        [
            0.0,
            0.0
        ]
    ],
    "kl": [
        [
            [
                17.65907982290749,
                -1.5707963266569713
            ],
            [
                24.583663242530086,
                1.2217304754815945
            ],
            [
                7.042297967647641,
                -1.5707963268321796
            ]
        ]
    ],
    "add_width": [
        false
    ],
    "score": 0.1171990295860263
}