{
    "origin": [
        [
            0.0,
            0.0
        ]
    ],
    "kl": [
        [
            [
                26.196470059748638,
                2.7924445492793675
            ],
            [
                34.15191918285146,
                0.6880593654593636
            ],
            [
                39.9935658476097,
                -1.439544283128829
            ]
        ]
    ],
    "add_width": [
        false
    ],
    "score": 0.9343339242318678
}