{
    "origin": [
        [
            0.0,
            0.0
        ]
    ],
    "kl": [
        [
            [
                16.530894382513544,
                2.7921647733780786
            ],
            [
                11.034930161590722,
                0.5991950985437944
            ],
            [
                23.99989452808956,
                -0.9748407373957428
            ]
        ]
    ],
    "add_width": [
        false
    ],
    "score": 0.34909361698999175
}