{
    "origin": [
        [
            0.0,
            0.0
        ]
    ],
    "kl": [
        [
            [
                20.12097152557815,
                2.792490723231139
            ],
            [
                18.254416405078288,
                0.6935382831743908
            ],
            [
                29.9999446225775,
                -1.1640082487588292
            ]
        ]
    ],
    "add_width": [
        false
    ],
    "score": 0.7979814223966984
}