{
    "origin": [
        [
            0.0,
            0.0
        ]
    ],
    "kl": [
        [
            [
                30.761054658680724,
                2.791226682302091
            ],
            [
                38.22955009199967,
                0.5592018891886874
            ],
            [
                39.99179125720862,
                -1.4835195933347927
            ]
        ]
    ],
    "add_width": [
        false
    ],
    "score": 0.956285091636012
}