{
    "origin": [
        [
            0.0,
            0.0
        ]
    ],
    "kl": [
        [
            [
                23.078380301611425,
                2.792519912039151
            ],
            [
                20.422832370935176,
                0.5606777787399073
            ],
            [
                30.0,
                -1.1813409190797521
            ]
        ]
    ],
    "add_width": [
        false
    ],
    "score": 0.8064931789616467
}