{
    "origin": [
        [
            0.0,
            0.0
        ]
    ],
    "kl": [
        [
            [
                14.692555144345885,
                2.792340913003722
            ],
            [
                7.34004865784372,
                0.7379723743200444
            ],
            [
                23.99204514824125,
                -0.8716764101122649
            ]
        ]
    ],
    "add_width": [
        false
    ],
    "score": 0.4066181880094328
}