{
    "origin": [
        [
            0.0,
            0.0
        ]
    ],
    "kl": [
        [
            [
                20.807725781515728,
                2.7924023565568215
            ],
            [
                18.799632470368696,
                0.6589256757011319
            ],
            [
                29.999994723350206,
                -1.1705975207988433
            ]
        ]
    ],
    "add_width": [
        false
    ],
    "score": 0.8012206256007417
}