{
    "origin": [
        [
            0.0,
            0.0
        ]
    ],
    "kl": [
        [
            [
                32.85640609550338,
                2.7895500070712833
            ],
            [
                39.999999843260255,
                0.5109886559962855
            ],
            [
                39.9999995339434,
                -1.4969573425409903
            ]
        ]
    ],
    "add_width": [
        false
    ],
    "score": 0.9630888680232451
}