{
    "origin": [
        [
            0.0,
            0.0
        ]
    ],
    "kl": [
        [
            [
                20.251456483727576,
                2.792443660914979
            ],
            [
                18.359525993928543,
                0.686727152159746
            ],
            [
                29.999800484725306,
                -1.1653911063037348
            ]
        ]
    ],
    "add_width": [
        false
    ],
    "score": 0.7986567949513621
}