{
    "origin": [
        [
            0.0,
            0.0
        ]
    ],
    "kl": [
        [
            [
                21.110245315800498,
                2.7925261653202136
            ],
            [
                19.03396877802607,
                0.6445719559993011
            ],
            [
                29.999793007929153,
                -1.1729707269598515
            ]
        ]
    ],
    "add_width": [
        false
    ],
    "score": 0.8022156692056898
}