{
    "origin": [
        [
            0.0,
            0.0
        ]
    ],
    "kl": [
        [
            [
                31.02063770806416,
                2.792520432874697
            ],
            [
                38.50586447937208,
                0.5536351356966014
            ],
            [
                40.0,
                -1.4857944645168777
            ]
        ]
    ],
    "add_width": [
        false
    ],
    "score": 0.9574916045727474
}