{
    "origin": [
        [
            0.0,
            0.0
        ]
    ],
    "kl": [
        [
            [
                18.874899190594036,
                2.7923851825332964
            ],
            [
                17.16216461266859,
                0.7646287328167998
            ],
            [
                29.999325771097837,
                -1.1464795574535902
            ]
        ]
    ],
    "add_width": [
        false
    ],
    "score": 0.7893139315121869
}