{
    "origin": [
        [
            0.0,
            0.0
        ]
    ],
    "kl": [
        [
            [
                23.292926928236096,
                2.792526621296569
            ],
            [
                20.563174750344977,
                0.5523812506610621
            ],
            [
                29.999996713620607,
                -1.1816044952046398
            ]
        ]
    ],
    "add_width": [
        false
    ],
    "score": 0.8066285324566637
}