{
    "origin": [
        [
            0.0,
            0.0
        ]
    ],
    "kl": [
        [
            [
                30.911474144320017,
                2.7606621566227028
            ],
            [
                37.36034118436345,
                0.5438708024803565
            ],
            [
                39.998520165041135,
                -1.477507493368321
            ]
        ]
    ],
    "add_width": [
        false
    ],
    "score": 0.9533562903437394
}