{
    "origin": [
        [
            0.0,
            0.0
        ]
    ],
    "kl": [
        [
            [
                28.61123063392083,
                2.792525763577248
            ],
            [
                36.36136666769663,
                0.6150568654224928
            ],
            [
                39.98625042951355,
                -1.4658695576293739
            ]
        ]
    ],
    "add_width": [
        false
    ],
    "score": 0.9475021819313834
}