{
    "origin": [
        [
            0.0,
            0.0
        ]
    ],
    "kl": [
        [
            [
                18.026167825648457,
                2.7924926880767202
            ],
            [
                16.324988798734907,
                0.8216085612028057
            ],
            [
                29.99756060095044,
                -1.1291869100143581
            ]
        ]
    ],
    "add_width": [
        false
    ],
    "score": 0.7809642107716167
}