{
    "origin": [
        [
            0.0,
            0.0
        ]
    ],
    "kl": [
        [
            [
                28.6952613768868,
                2.7925217893091068
            ],
            [
                36.449354637281544,
                0.612966856044443
            ],
            [
                39.9996716106365,
                -1.4668304311663336
            ]
        ]
    ],
    "add_width": [
        false
    ],
    "score": 0.9480226287701592
}