{
    "origami": [
        {
            "type": "leanMiura",
            "tsp": [
                0.0,
                0.0
            ],
            "data": {
                "half_type": 2,
                "stretch_length": 120.0
            },
            "add_width": false
        }
    ],
    "util": {
        "hole_axis": [
            [
                [
                    24.727272727272727,
                    38.90909090909091
                ],
                2,
                true
            ],
            [
                [
                    24.90909090909091,
                    81.45454545454545
                ],
                3,
                true
            ],
            [
                [
                    37.63636363636363,
                    51.09090909090909
                ],
                1,
                true
            ],
            [
                [
                    28.727272727272727,
                    60.01818181818182
                ],
                1,
                true
            ],
            [
                [
                    37.654545454545456,
                    70.0
                ],
                1,
                true
            ],
            [
                [
                    30.434782608695656,
                    19.347826086956523
                ],
                4,
                true
            ],
            [
                [
                    44.34782608695652,
                    7.82608695652174
                ],
                4,
                true
            ],
            [
                [
                    66.37826086956534,
                    30.869565217391308
                ],
                0,
                true
            ],
            [
                [
                    54.34782608695652,
                    60.06521739130436
                ],
                0,
                true
            ],
            [
                [
                    67.47391304347825,
                    60.04782608695653
                ],
                0,
                true
            ],
            [
                [
                    29.447826086956525,
                    101.55652173913046
                ],
                5,
                true
            ],
            [
                [
                    43.073684210526295,
                    112.14210526315789
                ],
                5,
                true
            ],
            [
                [
                    84.0368421052632,
                    7.984210526315792
                ],
                12,
                true
            ],
            [
                [
                    187.98421052631585,
                    8.03157894736842
                ],
                12,
                true
            ],
            [
                [
                    84.02105263157891,
                    111.95789473684218
                ],
                12,
                true
            ],
            [
                [
                    187.98421052631585,
                    111.97894736842103
                ],
                12,
                true
            ],
            [
                [
                    136.00645161290322,
                    8.041935483870967
                ],
                12,
                true
            ],
            [
                [
                    136.00645161290322,
                    112.00322580645167
                ],
                12,
                true
            ],
            [
                [
                    83.98387096774202,
                    59.954838709677425
                ],
                12,
                true
            ],
            [
                [
                    187.98709677419356,
                    60.0
                ],
                12,
                true
            ],
            [
                [
                    204.19354838709677,
                    60.0
                ],
                6,
                true
            ],
            [
                [
                    247.09677419354838,
                    39.009677419354844
                ],
                8,
                true
            ],
            [
                [
                    247.01111111111112,
                    81.1777777777778
                ],
                9,
                true
            ],
            [
                [
                    234.96060606060612,
                    51.17272727272726
                ],
                7,
                true
            ],
            [
                [
                    243.27272727272728,
                    60.36363636363637
                ],
                7,
                true
            ],
            [
                [
                    235.1090909090909,
                    68.9909090909091
                ],
                7,
                true
            ],
            [
                [
                    218.21935483870962,
                    59.97741935483871
                ],
                6,
                true
            ],
            [
                [
                    241.1774193548386,
                    19.864516129032282
                ],
                10,
                true
            ],
            [
                [
                    228.57741935483875,
                    7.609677419354842
                ],
                10,
                true
            ],
            [
                [
                    205.40645161290325,
                    30.83548387096772
                ],
                6,
                true
            ],
            [
                [
                    205.30645161290326,
                    89.96774193548393
                ],
                6,
                true
            ],
            [
                [
                    66.21935483870975,
                    89.94516129032262
                ],
                0,
                true
            ],
            [
                [
                    228.9096774193548,
                    112.18064516129034
                ],
                11,
                true
            ],
            [
                [
                    241.06774193548387,
                    101.32258064516122
                ],
                11,
                true
            ],
            [
                [
                    135.9999999999999,
                    59.99999999999999
                ],
                12,
                true
            ]
        ]
    },
    "setting": {
        "unit_width": 60.0,
        "copy_time": 2,
        "entry_flag": 0,
        "add_hole_mode": true,
        "hole_size": 2.2,
        "hole_resolution": 30,
        "enable_connection": true,
        "con_left_length": 16.0,
        "con_right_length": 16.0,
        "con_radius": 1.8000000000000003,
        "bias_val": 3.0
    }
}