{
    "origami": [
        {
            "type": "kl",
            "tsp": [
                0.0,
                0.0
            ],
            "data": [
                [
                    40,
                    0
                ],
                [
                    40,
                    1.2
                ],
                [
                    60,
                    2.4
                ]
            ],
            "add_width": false
        },
        {
            "type": "leanMiura",
            "tsp": [
                0.0,
                120.0
            ],
            "data": {
                "half_type": 2,
                "stretch_length": 108.0
            },
            "add_width": false
        }
    ],
    "util": {
        "hole_axis": [
            [
                [
                    33.391304347826086,
                    13.478260869565217
                ],
                0,
                true
            ],
            [
                [
                    76.0,
                    13.88888888888889
                ],
                2,
                true
            ],
            [
                [
                    129.88888888888889,
                    13.61111111111111
                ],
                4,
                true
            ],
            [
                [
                    76.23255813953489,
                    40.0
                ],
                3,
                true
            ],
            [
                [
                    32.97674418604652,
                    40.46511627906977
                ],
                1,
                true
            ],
            [
                [
                    129.25581395348837,
                    40.23255813953489
                ],
                5,
                true
            ],
            [
                [
                    32.51162790697674,
                    67.44186046511628
                ],
                6,
                true
            ],
            [
                [
                    76.0,
                    67.44186046511628
                ],
                8,
                true
            ],
            [
                [
                    129.48837209302326,
                    67.44186046511628
                ],
                10,
                true
            ],
            [
                [
                    32.04651162790698,
                    94.4186046511628
                ],
                7,
                true
            ],
            [
                [
                    76.0,
                    94.18604651162791
                ],
                9,
                true
            ],
            [
                [
                    129.25581395348837,
                    94.65116279069768
                ],
                11,
                true
            ],
            [
                [
                    24.333333333333332,
                    155.27777777777777
                ],
                14,
                true
            ],
            [
                [
                    24.055555555555554,
                    193.33333333333331
                ],
                15,
                true
            ],
            [
                [
                    40.72222222222222,
                    128.61111111111111
                ],
                16,
                true
            ],
            [
                [
                    30.72222222222222,
                    136.66666666666666
                ],
                16,
                true
            ],
            [
                [
                    26.232558139534884,
                    173.95348837209303
                ],
                13,
                true
            ],
            [
                [
                    35.76744186046511,
                    182.09302325581396
                ],
                13,
                true
            ],
            [
                [
                    36.0,
                    165.58139534883722
                ],
                13,
                true
            ],
            [
                [
                    38.77777777777778,
                    219.44444444444443
                ],
                17,
                true
            ],
            [
                [
                    30.166666666666664,
                    211.66666666666666
                ],
                17,
                true
            ],
            [
                [
                    58.0,
                    150.33333333333334
                ],
                12,
                true
            ],
            [
                [
                    62.89320388349514,
                    173.20388349514562
                ],
                12,
                true
            ],
            [
                [
                    50.46601941747573,
                    173.39805825242718
                ],
                12,
                true
            ],
            [
                [
                    57.627906976744185,
                    199.7674418604651
                ],
                12,
                true
            ],
            [
                [
                    91.0,
                    173.66666666666666
                ],
                24,
                true
            ],
            [
                [
                    100.57831325301204,
                    173.6144578313253
                ],
                24,
                true
            ],
            [
                [
                    78.5,
                    128.33333333333334
                ],
                24,
                true
            ],
            [
                [
                    77.66666666666667,
                    220.0
                ],
                24,
                true
            ],
            [
                [
                    170.44444444444443,
                    220.27777777777777
                ],
                24,
                true
            ],
            [
                [
                    170.44444444444443,
                    128.61111111111111
                ],
                24,
                true
            ],
            [
                [
                    206.27777777777777,
                    128.33333333333334
                ],
                22,
                true
            ],
            [
                [
                    217.94444444444443,
                    136.66666666666666
                ],
                22,
                true
            ],
            [
                [
                    191.55555555555554,
                    148.61111111111111
                ],
                18,
                true
            ],
            [
                [
                    185.44444444444443,
                    173.61111111111111
                ],
                18,
                true
            ],
            [
                [
                    222.11111111111111,
                    173.88888888888889
                ],
                19,
                true
            ],
            [
                [
                    198.77777777777777,
                    173.61111111111111
                ],
                18,
                true
            ],
            [
                [
                    192.38888888888889,
                    199.44444444444443
                ],
                18,
                true
            ],
            [
                [
                    212.11111111111111,
                    164.72222222222223
                ],
                19,
                true
            ],
            [
                [
                    211.83333333333331,
                    184.16666666666666
