{
    "origami": [
        {
            "type": "kl",
            "tsp": [
                0.0,
                0.0
            ],
            "data": [
                [
                    10.000000000162032,
                    -1.4663821816402516
                ],
                [
                    41.41627318219529,
                    0.7038793625862843
                ],
                [
                    58.46074203874394,
                    -1.2926278248498668
                ]
            ],
            "add_width": false
        }
    ],
    "util": {
        "hole_axis": [
            [
                [
                    20.00000000000001,
                    23.000000000000025
                ],
                0,
                true
            ],
            [
                [
                    20.000000000000004,
                    40.0
                ],
                1,
                true
            ],
            [
                [
                    39.00000000000001,
                    12.999999999999975
                ],
                2,
                true
            ],
            [
                [
                    39.000000000000014,
                    50.00000000000003
                ],
                3,
                true
            ],
            [
                [
                    48.00000000000001,
                    9.999999999999996
                ],
                2,
                true
            ],
            [
                [
                    48.000000000000014,
                    53.000000000000014
                ],
                3,
                true
            ],
            [
                [
                    49.99999999999999,
                    18.0
                ],
                2,
                true
            ],
            [
                [
                    49.999999999999986,
                    44.999999999999986
                ],
                3,
                true
            ],
            [
                [
                    55.99999999999998,
                    21.999999999999993
                ],
                2,
                true
            ],
            [
                [
                    76.00000000000009,
                    7.5
                ],
                4,
                true
            ],
            [
                [
                    76.00000000000001,
                    55.49999999999998
                ],
                5,
                true
            ],
            [
                [
                    87.99999999999997,
                    9.000000000000007
                ],
                4,
                true
            ],
            [
                [
                    87.99999999999993,
                    54.00000000000002
                ],
                5,
                true
            ],
            [
                [
                    100.0,
                    14.999999999999996
                ],
                4,
                true
            ],
            [
                [
                    100.00000000000001,
                    47.99999999999998
                ],
                5,
                true
            ]
        ]
    },
    "setting": {
        "unit_width": 63.0,
        "copy_time": 1,
        "entry_flag": 1,
        "add_hole_mode": true,
        "hole_size": 1.9000000000000004,
        "hole_resolution": 23,
        "enable_connection": true,
        "con_left_length": 15.0,
        "con_right_length": 10.0,
        "con_radius": 1.8000000000000003,
        "bias_val": 4.2
    }
}