{
    "origami": [
        {
            "type": "dxf",
            "tsp": [
                0,
                0
            ],
            "data": {
                "kps": [
                    [
                        -1.7e-15,
                        25.0,
                        0.0
                    ],
                    [
                        6.999999999999997,
                        25.0,
                        0.0
                    ],
                    [
                        20.0,
                        25.0,
                        0.0
                    ],
                    [
                        20.0,
                        16.0,
                        0.0
                    ],
                    [
                        12.99999999999999,
                        25.0,
                        0.0
                    ],
                    [
                        -1e-15,
                        34.0,
                        0.0
                    ],
                    [
                        -1e-15,
                        16.0,
                        0.0
                    ],
                    [
                        20.0,
                        34.0,
                        0.0
                    ],
                    [
                        -3e-16,
                        45.0,
                        0.0
                    ],
                    [
                        20.0,
                        45.0,
                        0.0
                    ],
                    [
                        -1e-15,
                        14.0,
                        0.0
                    ],
                    [
                        20.0,
                        14.0,
                        0.0
                    ]
                ],
                "lines": [
                    [
                        [
                            -1.7e-15,
                            25.0,
                            0.0
                        ],
                        [
                            6.999999999999997,
                            25.0,
                            0.0
                        ]
                    ],
                    [
                        [
                            20.0,
                            25.0,
                            0.0
                        ],
                        [
                            20.0,
                            16.0,
                            0.0
                        ]
                    ],
                    [
                        [
                            20.0,
                            25.0,
                            0.0
                        ],
                        [
                            12.99999999999999,
                            25.0,
                            0.0
                        ]
                    ],
                    [
                        [
                            6.999999999999997,
                            25.0,
                            0.0
                        ],
                        [
                            12.99999999999999,
                            25.0,
                            0.0
                        ]
                    ],
                    [
                        [
                            -1e-15,
                            34.0,
                            0.0
                        ],
                        [
                            -1.7e-15,
                            25.0,
                            0.0
                        ]
                    ],
                    [
                        [
                            -1.7e-15,
                            25.0,
                            0.0
                        ],
                        [
                            -1e-15,
                            16.0,
                            0.0
                        ]
                    ],
                    [
                        [
                            20.0,
                            34.0,
                            0.0
                        ],
                        [
                            20.0,
                            25.0,
                            0.0
                        ]
                    ],
                    [
                        [
                            -1e-15,
                            16.0,
                            0.0
                        ],
                        [
                            6.999999999999997,
                            25.0,
                            0.0
                        ]
                    ],
                    [
                        [
                            6.999999999999997,
                            25.0,
                            0.0
                        ],
                        [
                            -1e-15,
                            34.0,
                            0.0
                        ]
                    ],
                    [
                        [
                            20.0,
                            34.0,
                            0.0
                        ],
                        [
                            12.99999999999999,
                            25.0,
                            0.0
                        ]
                    ],
                    [
                        [
                            12.99999999999999,
                            25.0,
                            0.0
                        ],
                        [
                            20.0,
                            16.0,
                            0.0
                        ]
                    ],
                    [
                        [
                            -3e-16,
                            45.0,
                            0.0
                        ],
                        [
                            20.0,
                            45.0,
                            0.0
                        ]
                    ],
                    [
                        [
                            -1e-15,
                            14.0,
                            0.0
                        ],
                        [
                            20.0,
                            14.0,
                            0.0
                        ]
                    ],
                    [
                        [
                            -3e-16,
                            45.0,
                            0.0
                        ],
                        [
                            -1e-15,
                            34.0,
                            0.0
                        ]
                    ],
                    [
                        [
                            -1e-15,
                            16.0,
                            0.0
                        ],
                        [
                            -1e-15,
                            14.0,
                            0.0
                        ]
                    ],
                    [
                        [
                            20.0,
                            16.0,
                            0.0
                        ],
                        [
                            20.0,
                            14.0,
                            0.0
                        ]
                    ],
                    [
                        [
                            20.0,
                            34.0,
                            0.0
                        ],
                        [
                            20.0,
                            45.0,
                            0.0
                        ]
                    ]
                ],