{
    "origami": [
        {
            "type": "dxf",
            "tsp": [
                0,
                0
            ],
            "data": {
                "kps": [
                    [
                        -1.7e-15,
                        25.0,
                        0.0
                    ],
                    [
                        6.999999999999997,
                        25.0,
                        0.0
                    ],
                    [
                        20.0,
                        25.0,
                        0.0
                    ],
                    [
                        20.0,
                        16.0,
                        0.0
                    ],
                    [
                        12.99999999999999,
                        25.0,
                        0.0
                    ],
                    [
                        -1e-15,
                        34.0,
                        0.0
                    ],
                    [
                        -1e-15,
                        16.0,
                        0.0
                    ],
                    [
                        20.0,
                        34.0,
                        0.0
                    ],
                    [
                        9e-16,
                        63.0,
                        0.0
                    ],
                    [
                        20.0,
                        63.0,
                        0.0
                    ],
                    [
                        -1e-15,
                        -4.0,
                        0.0
                    ],
                    [
                        20.0,
                        -4.0,
                        0.0
                    ],
                    [
                        -1e-15,
                        45.0,
                        0.0
                    ],
                    [
                        20.0,
                        45.0,
                        0.0
                    ],
                    [
                        7e-16,
                        52.0,
                        0.0
                    ],
                    [
                        20.0,
                        52.0,
                        0.0
                    ],
                    [
                        -1e-15,
                        8.0,
                        0.0
                    ],
                    [
                        20.0,
                        8.000000000000004,
                        0.0
                    ],
                    [
                        -1e-15,
                        3.0,
                        0.0
                    ],
                    [
                        20.0,
                        3.000000000000003,
                        0.0
                    ]
                ],
                "lines": [
                    [
                        [
                            -1.7e-15,
                            25.0,
                            0.0
                        ],
                        [
                            6.999999999999997,
                            25.0,
                            0.0
                        ]
                    ],
                    [
                        [
                            20.0,
                            25.0,
                            0.0
                        ],
                        [
                            20.0,
                            16.0,
                            0.0
                        ]
                    ],
                    [
                        [
                            20.0,
                            25.0,
                            0.0
                        ],
                        [
                            12.99999999999999,
                            25.0,
                            0.0
                        ]
                    ],
                    [
                        [
                            6.999999999999997,
                            25.0,
                            0.0
                        ],
                        [
                            12.99999999999999,
                            25.0,
                            0.0
                        ]
                    ],
                    [
                        [
                            -1e-15,
                            34.0,
                            0.0
                        ],
                        [
                            -1.7e-15,
                            25.0,
                            0.0
                        ]
                    ],
                    [
                        [
                            -1.7e-15,
                            25.0,
                            0.0
                        ],
                        [
                            -1e-15,
                            16.0,
                            0.0
                        ]
                    ],
                    [
                        [
                            20.0,
                            34.0,
                            0.0
                        ],
                        [
                            20.0,
                            25.0,
                            0.0
                        ]
                    ],
                    [
                        [
                            -1e-15,
                            16.0,
                            0.0
                        ],
                        [
                            6.999999999999997,
                            25.0,
                            0.0
                        ]
                    ],
                    [
                        [
                            6.999999999999997,
                            25.0,
                            0.0
                        ],
                        [
                            -1e-15,
                            34.0,
                            0.0
                        ]
                    ],
                    [
                        [
                            20.0,
                            34.0,
                            0.0
                        ],
                        [
                            12.99999999999999,
                            25.0,
                            0.0
                        ]
                    ],
                    [
                        [
                            12.99999999999999,
                            25.0,
                            0.0
                        ],
                        [
                            20.0,
                            16.0,
                            0.0
                        ]
                    ],
                    [
                        [
                            9e-16,
                            63.0,
                            0.0
                        ],
                        [
                            20.0,
                            63.0,
                            0.0
                        ]
                    ],
                    [
                        [
                            -1e-15,
                            -4.0,
                            0.0
                        ],
                        [
                            20.0,
                            -4.0,
                            0.0
                        ]
                    ],
                    [
                        [
                            -1e-15,
                            45.0,
                            0.0
                        ],
                        [
                            20.0,
                            45.0,
                            0.0
                        ]
                    ],
                    [
