{
    "origami": [
        {
            "type": "kl",
            "tsp": [
                0.0,
                0.0
            ],
            "data": [
                [
                    25,
                    0
                ],
                [
                    7,
                    2.95
                ],
                [
                    25,
                    0.7
                ]
            ],
            "add_width": false
        }
    ],
    "util": {
        "hole_axis": [
            [
                [
                    57.0,
                    10.5
                ],
                4,
                true
            ],
            [
                [
                    25.00000000000001,
                    15.99999999999998
                ],
                0,
                true
            ],
            [
                [
                    57.0,
                    49.49999999999999
                ],
                5,
                true
            ],
            [
                [
                    25.000000000000007,
                    44.0
                ],
                1,
                true
            ]
        ]
    },
    "setting": {
        "unit_width": 60.0,
        "copy_time": 1,
        "entry_flag": 1,
        "add_hole_mode": true,
        "hole_size": 1.5000000000000002,
        "hole_resolution": 10,
        "enable_connection": true,
        "con_left_length": 12.0,
        "con_right_length": 12.0,
        "con_radius": 1.5,
        "bias_val": 3.0
    }
}