{
    "origami": [
        {
            "type": "kl",
            "tsp": [
                0.0,
                0.0
            ],
            "data": [
                [
                    50,
                    0
                ],
                [
                    10,
                    2.4
                ],
                [
                    50,
                    0.4
                ]
            ],
            "add_width": false
        }
    ],
    "util": {
        "hole_axis": [
            [
                [
                    68.33333333333333,
                    8.61111111111111
                ],
                2,
                true
            ],
            [
                [
                    34.44444444444444,
                    14.444444444444445
                ],
                0,
                true
            ],
            [
                [
                    95.27777777777777,
                    14.722222222222221
                ],
                4,
                true
            ],
            [
                [
                    68.88888888888889,
                    52.77777777777778
                ],
                3,
                true
            ],
            [
                [
                    34.166666666666664,
                    44.72222222222222
                ],
                1,
                true
            ],
            [
                [
                    95.55555555555556,
                    45.0
                ],
                5,
                true
            ],
            [
                [
                    34.166666666666664,
                    74.72222222222221
                ],
                6,
                true
            ],
            [
                [
                    68.33333333333333,
                    68.05555555555556
                ],
                8,
                true
            ],
            [
                [
                    95.83333333333333,
                    75.27777777777777
                ],
                10,
                true
            ],
            [
                [
                    33.888888888888886,
                    105.0
                ],
                7,
                true
            ],
            [
                [
                    68.88888888888889,
                    112.77777777777777
                ],
                9,
                true
            ],
            [
                [
                    95.83333333333333,
                    104.72222222222221
                ],
                11,
                true
            ]
        ]
    },
    "setting": {
        "unit_width": 60.0,
        "copy_time": 2,
        "entry_flag": 0,
        "add_hole_mode": true,
        "hole_size": 1.5,
        "hole_resolution": 30,
        "enable_connection": true,
        "con_left_length": 10.0,
        "con_right_length": 10.0,
        "con_radius": 1.7000000000000002,
        "bias_val": 3.0
    }
}