{
    "origami": [
        {
            "type": "kl",
            "tsp": [
                0.0,
                0.0
            ],
            "data": [
                [
                    9,
                    -1.57
                ],
                [
                    18,
                    0
                ],
                [
                    9,
                    1.57
                ],
                [
                    11.28,
                    -0.83
                ],
                [
                    19.5,
                    0.261
                ],
                [
                    10.16,
                    1.57
                ],
                [
                    9.5,
                    -0.7
                ],
                [
                    18,
                    0.75
                ],
                [
                    9.86,
                    2
                ],
                [
                    8.8,
                    -0.6
                ],
                [
                    7.7,
                    0.83
                ]
            ],
            "add_width": false
        }
    ],
    "util": {
        "hole_axis": [
            [
                [
                    3.8984073460735544,
                    2.999999999999999
                ],
                0,
                true
            ],
            [
                [
                    3.8984073460735544,
                    12.999999999999996
                ],
                1,
                true
            ],
            [
                [
                    18.0,
                    2.999999999999999
                ],
                2,
                true
            ],
            [
                [
                    18.0,
                    12.999999999999996
                ],
                3,
                true
            ],
            [
                [
                    31.5,
                    3.1999999999999993
                ],
                4,
                true
            ],
            [
                [
                    31.5,
                    12.799999999999997
                ],
                5,
                true
            ],
            [
                [
                    40.139999999999986,
                    4.0
                ],
                6,
                true
            ],
            [
                [
                    40.13999999999998,
                    12.0
                ],
                7,
                true
            ],
            [
                [
                    57.03,
                    2.999999999999999
                ],
                8,
                true
            ],
            [
                [
                    57.03,
                    12.999999999999996
                ],
                9,
                true
            ],
            [
                [
                    72.65999999999995,
                    4.199999999999999
                ],
                10,
                true
            ],
            [
                [
                    72.65999999999997,
                    11.8
                ],
                11,
                true
            ],
            [
                [
                    81.69,
                    3.1999999999999993
                ],
                12,
                true
            ],
            [
                [
                    81.69,
                    12.799999999999997
                ],
                13,
                true
            ],
            [
                [
                    95.44,
                    3.4999999999999996
                ],
                14,
                true
            ],
            [
                [
                    95.43999999999998,
                    12.399999999999999
                ],
                15,
                true
            ],
            [
                [
                    109.36999999999999,
                    2.999999999999999
                ],
                16,
                true
            ],
            [
                [
                    109.37,
                    12.999999999999996
                ],
                17,
                true
            ],
            [
                [
                    118.20000000000002,
                    4.399999999999999
                ],
                18,
                true
            ],
            [
                [
                    118.20000000000002,
                    11.600000000000001
                ],
                19,
                true
            ],
            [
                [
                    127.64840734607353,
                    2.999999999999999
                ],
                20,
                true
            ],
            [
                [
                    127.64840734607353,
                    12.999999999999996
                ],
                21,
                true
            ]
        ]
    },
    "setting": {
        "unit_width": 16.0,
        "copy_time": 1,
        "entry_flag": 0,
        "add_hole_mode": true,
        "hole_size": 0.8,
        "hole_resolution": 30,
        "enable_connection": false,
        "con_left_length": 10.0,
        "con_right_length": 10.0,
        "con_radius": 1.5,
        "bias_val": 2.1
    },
    "strings": {
        "type": [],
        "id": [],
        "reverse": []
    }
}