{
    "origami": [
        {
            "type": "kl",
            "tsp": [
                0.0,
                0.0
            ],
            "data": [
                [
                    10,
                    0
                ],
                [
                    30,
                    0.03
                ]
            ],
            "add_width": false
        }
    ],
    "util": {
        "hole_axis": [
            [
                [
                    19.953846153846165,
                    12.184615384615386
                ],
                0,
                true
            ],
            [
                [
                    19.992307692307712,
                    37.46923076923075
                ],
                1,
                true
            ]
        ]
    },
    "setting": {
        "unit_width": 50.0,
        "copy_time": 1,
        "entry_flag": 0,
        "add_hole_mode": true,
        "hole_size": 2.2000000000000006,
        "hole_resolution": 30,
        "enable_connection": false,
        "con_left_length": 10.0,
        "con_right_length": 10.0,
        "con_radius": 1.5,
        "bias_val": 3.0
    }
}