{
    "origami": [
        {
            "type": "dxf",
            "tsp": [
                0,
                0
            ],
            "data": {
                "kps": [
                    [
                        -1.2e-15,
                        17.0,
                        0.0
                    ],
                    [
                        6.499999999999998,
                        25.0,
                        0.0
                    ],
                    [
                        20.0,
                        17.0,
                        0.0
                    ],
                    [
                        13.5,
                        25.00000000000001,
                        0.0
                    ],
                    [
                        -1.7e-15,
                        25.0,
                        0.0
                    ],
                    [
                        20.0,
                        25.0,
                        0.0
                    ],
                    [
                        0.0,
                        0.0,
                        0.0
                    ],
                    [
                        20.0,
                        0.0,
                        0.0
                    ],
                    [
                        -1.2e-15,
                        33.0,
                        0.0
                    ],
                    [
                        20.0,
                        33.0,
                        0.0
                    ],
                    [
                        -5e-16,
                        43.0,
                        0.0
                    ],
                    [
                        20.0,
                        43.0,
                        0.0
                    ]
                ],
                "lines": [
                    [
                        [
                            -1.2e-15,
                            17.0,
                            0.0
                        ],
                        [
                            6.499999999999998,
                            25.0,
                            0.0
                        ]
                    ],
                    [
                        [
                            20.0,
                            17.0,
                            0.0
                        ],
                        [
                            13.5,
                            25.00000000000001,
                            0.0
                        ]
                    ],
                    [
                        [
                            -1.7e-15,
                            25.0,
                            0.0
                        ],
                        [
                            6.499999999999998,
                            25.0,
                            0.0
                        ]
                    ],
                    [
                        [
                            20.0,
                            25.0,
                            0.0
                        ],
                        [
                            13.5,
                            25.00000000000001,
                            0.0
                        ]
                    ],
                    [
                        [
                            6.499999999999998,
                            25.0,
                            0.0
                        ],
                        [
                            13.5,
                            25.00000000000001,
                            0.0
                        ]
                    ],
                    [
                        [
                            -1.7e-15,
                            25.0,
                            0.0
                        ],
                        [
                            -1.2e-15,
                            17.0,
                            0.0
                        ]
                    ],
                    [
                        [
                            20.0,
                            25.0,
                            0.0
                        ],
                        [
                            20.0,
                            17.0,
                            0.0
                        ]
                    ],
                    [
                        [
                            -1.2e-15,
                            17.0,
                            0.0
                        ],
                        [
                            0.0,
                            0.0,
                            0.0
                        ]
                    ],
                    [
                        [
                            0.0,
                            0.0,
                            0.0
                        ],
                        [
                            20.0,
                            0.0,
                            0.0
                        ]
                    ],
                    [
                        [
                            20.0,
                            0.0,
                            0.0
                        ],
                        [
                            20.0,
                            17.0,
                            0.0
                        ]
                    ],
                    [
                        [
                            -1.2e-15,
                            33.0,
                            0.0
                        ],
                        [
                            6.499999999999998,
                            25.0,
                            0.0
                        ]
                    ],
                    [
                        [
                            20.0,
                            33.0,
                            0.0
                        ],
                        [
                            13.5,
                            25.00000000000001,
                            0.0
                        ]
                    ],
                    [
                        [
                            -1.7e-15,
                            25.0,
                            0.0
                        ],
                        [
                            -1.2e-15,
                            33.0,
                            0.0
                        ]
                    ],
                    [
                        [
                            20.0,
                            25.0,
                            0.0
                        ],
                        [
                            20.0,
                            33.0,
                            0.0
                        ]
                    ],
                    [
                        [
                            -1.2e-15,
                            33.0,
                            0.0
                        ],
                        [
                            -5e-16,
                            43.0,
                            0.0
                        ]
                    ],
                    [
                        [
                            -5e-16,
                            43.0,
                            0.0
                        ],
                        [
                            20.0,
                            43.0,
                            0.0
                        ]
                    ],
                    [
                        [
                            20.0,
                            43.0,
                            0.0
                        ],
                        [
                            20.0,
                            33.0,
                            0.0
                        ]
                    ]
                ],