{
    "origami": [
        {
            "type": "dxf",
            "tsp": [
                0,
                0
            ],
            "data": {
                "kps": [
                    [
                        -1.7e-15,
                        25.0,
                        0.0
                    ],
                    [
                        7.999999999999998,
                        25.0,
                        0.0
                    ],
                    [
                        20.0,
                        25.0,
                        0.0
                    ],
                    [
                        20.0,
                        12.99999999999999,
                        0.0
                    ],
                    [
                        -3.9e-15,
                        -5.0,
                        0.0
                    ],
                    [
                        20.0,
                        -5.0,
                        0.0
                    ],
                    [
                        -1e-15,
                        37.0,
                        0.0
                    ],
                    [
                        1e-15,
                        65.0,
                        0.0
                    ],
                    [
                        20.0,
                        65.0,
                        0.0
                    ],
                    [
                        20.0,
                        37.00000000000001,
                        0.0
                    ],
                    [
                        -1e-15,
                        13.0,
                        0.0
                    ],
                    [
                        11.99999999999999,
                        25.0,
                        0.0
                    ]
                ],
                "lines": [
                    [
                        [
                            -1.7e-15,
                            25.0,
                            0.0
                        ],
                        [
                            7.999999999999998,
                            25.0,
                            0.0
                        ]
                    ],
                    [
                        [
                            20.0,
                            25.0,
                            0.0
                        ],
                        [
                            20.0,
                            12.99999999999999,
                            0.0
                        ]
                    ],
                    [
                        [
                            -3.9e-15,
                            -5.0,
                            0.0
                        ],
                        [
                            20.0,
                            -5.0,
                            0.0
                        ]
                    ],
                    [
                        [
                            -1e-15,
                            37.0,
                            0.0
                        ],
                        [
                            1e-15,
                            65.0,
                            0.0
                        ]
                    ],
                    [
                        [
                            1e-15,
                            65.0,
                            0.0
                        ],
                        [
                            20.0,
                            65.0,
                            0.0
                        ]
                    ],
                    [
                        [
                            20.0,
                            65.0,
                            0.0
                        ],
                        [
                            20.0,
                            37.00000000000001,
                            0.0
                        ]
                    ],
                    [
                        [
                            -1e-15,
                            13.0,
                            0.0
                        ],
                        [
                            7.999999999999998,
                            25.0,
                            0.0
                        ]
                    ],
                    [
                        [
                            20.0,
                            25.0,
                            0.0
                        ],
                        [
                            11.99999999999999,
                            25.0,
                            0.0
                        ]
                    ],
                    [
                        [
                            20.0,
                            12.99999999999999,
                            0.0
                        ],
                        [
                            11.99999999999999,
                            25.0,
                            0.0
                        ]
                    ],
                    [
                        [
                            -1e-15,
                            37.0,
                            0.0
                        ],
                        [
                            7.999999999999998,
                            25.0,
                            0.0
                        ]
                    ],
                    [
                        [
                            20.0,
                            37.00000000000001,
                            0.0
                        ],
                        [
                            11.99999999999999,
                            25.0,
                            0.0
                        ]
                    ],
                    [
                        [
                            7.999999999999998,
                            25.0,
                            0.0
                        ],
                        [
                            11.99999999999999,
                            25.0,
                            0.0
                        ]
                    ],
                    [
                        [
                            -1e-15,
                            37.0,
                            0.0
                        ],
                        [
                            -1.7e-15,
                            25.0,
                            0.0
                        ]
                    ],
                    [
                        [
                            -1.7e-15,
                            25.0,
                            0.0
                        ],
                        [
                            -1e-15,
                            13.0,
                            0.0
                        ]
                    ],
                    [
                        [
                            20.0,
                            37.00000000000001,
                            0.0
                        ],
                        [
                            20.0,
                            25.0,
                            0.0
                        ]
                    ],
                    [
                        [
                            -1e-15,
                            13.0,
                            0.0
                        ],
                        [
                            -3.9e-15,
                            -5.0,
                            0.0
                        ]
                    ],
                    [
                        [
                            20.0,
                            -5.0,
                            0.0
                        ],
                        [
                            20.0,
                            12.99999999999999,
                            0.0
