{
    "origami": [
        {
            "type": "leanMiura",
            "tsp": [
                0.0,
                0.0
            ],
            "data": {
                "half_type": 0,
                "stretch_length": 12.0
            },
            "add_width": false
        }
    ],
    "util": {
        "hole_axis": [
            [
                [
                    54.0,
                    13.49999999999999
                ],
                3,
                true
            ],
            [
                [
                    54.0,
                    49.49999999999998
                ],
                3,
                true
            ],
            [
                [
                    24.5,
                    8.5
                ],
                1,
                true
            ],
            [
                [
                    24.500000000000004,
                    54.49999999999996
                ],
                2,
                true
            ],
            [
                [
                    38.00000000000001,
                    21.99999999999998
                ],
                0,
                true
            ],
            [
                [
                    37.999999999999986,
                    40.99999999999999
                ],
                0,
                true
            ],
            [
                [
                    30.000000000000004,
                    31.5
                ],
                0,
                true
            ]
        ]
    },
    "setting": {
        "unit_width": 63.0,
        "copy_time": 1,
        "entry_flag": 1,
        "add_hole_mode": true,
        "hole_size": 1.9000000000000006,
        "hole_resolution": 30,
        "enable_connection": true,
        "con_left_length": 15.0,
        "con_right_length": 10.0,
        "con_radius": 1.8000000000000003,
        "bias_val": 3.0
    }
}