{
    "origami": [
        {
            "type": "kl",
            "tsp": [
                0.0,
                0.0
            ],
            "data": [
                [
                    35,
                    0
                ],
                [
                    22,
                    -2.2
                ],
                [
                    35,
                    -1.25
                ]
            ],
            "add_width": false
        },
        {
            "type": "kl",
            "tsp": [
                0,
                63.0
            ],
            "data": [
                [
                    28,
                    0
                ],
                [
                    25,
                    -1.3
                ]
            ],
            "add_width": false
        },
        {
            "type": "kl",
            "tsp": [
                100.0,
                63.0
            ],
            "data": [
                [
                    25,
                    0
                ],
                [
                    16,
                    1.6
                ],
                [
                    40,
                    -0.5
                ]
            ],
            "add_width": false
        }
    ],
    "util": {
        "hole_axis": [
            [
                [
                    26.00000000000001,
                    14.999999999999998
                ],
                0,
                true
            ],
            [
                [
                    25.999999999999982,
                    45.0
                ],
                1,
                true
            ],
            [
                [
                    26.0,
                    8.499999999999996
                ],
                0,
                true
            ],
            [
                [
                    26.000000000000018,
                    51.50000000000001
                ],
                1,
                true
            ],
            [
                [
                    56.0,
                    13.0
                ],
                2,
                true
            ],
            [
                [
                    56.00000000000001,
                    47.000000000000014
                ],
                3,
                true
            ],
            [
                [
                    64.0,
                    8.499999999999996
                ],
                2,
                true
            ],
            [
                [
                    63.99999999999999,
                    52.0
                ],
                3,
                true
            ],
            [
                [
                    76.5,
                    22.499999999999996
                ],
                4,
                true
            ],
            [
                [
                    76.49999999999997,
                    37.50000000000001
                ],
                5,
                true
            ],
            [
                [
                    89.00000000000013,
                    14.999999999999998
                ],
                4,
                true
            ],
            [
                [
                    88.99999999999999,
                    45.00000000000004
                ],
                5,
                true
            ],
            [
                [
                    17.000000000000004,
                    77.99999999999993
                ],
                6,
                true
            ],
            [
                [
                    17.000000000000014,
                    107.99999999999997
                ],
                7,
                true
            ],
            [
                [
                    30.5,
                    71.00000000000009
                ],
                6,
                true
            ],
            [
                [
                    30.49999999999999,
                    115.00000000000001
                ],
                7,
                true
            ],
            [
                [
                    43.499999999999986,
                    85.00000000000001
                ],
                8,
                true
            ],
            [
                [
                    43.5,
                    100.99999999999997
                ],
                9,
                true
            ],
            [
                [
                    56.000000000000014,
                    78.0
                ],
                8,
                true
            ],
            [
                [
                    56.00000000000001,
                    107.99999999999997
                ],
                9,
                true
            ],
            [
                [
                    117.09999999999997,
                    78.0
                ],
                10,
                true
            ],
            [
                [
                    116.99999999999999,
                    108.09999999999995
                ],
                11,
                true
            ],
            [
                [
                    144.00000000000006,
                    78.00000000000003
                ],
                12,
                true
            ],
            [
                [
                    143.99999999999994,
                    108.00000000000007
                ],
                13,
                true
            ],
            [
                [
                    124.09999999999995,
                    84.99999999999999
                ],
                10,
                true
            ],
            [
                [
                    123.99999999999997,
                    100.99999999999994
                ],
                11,
                true
            ],
            [
                [
                    138.50000000000003,
                    70.99999999999994
                ],
                12,
                true
            ],
            [
                [
                    138.49999999999994,
                    115.00000000000006
                ],
                13,
                true
            ],
            [
                [
                    161.99999999999986,
                    70.5
                ],
                14,
                true
            ],
            [
                [
                    161.99999999999997,
                    115.5
                ],
                15,
                true
            ],
            [
                [
                    175.5,
                    78.0
                ],
                14,
                true
            ],
            [
                [
                    175.59999999999997,
                    108.0
                ],
                15,
                true
            ]
        ]
    },
    "setting": {
        "unit_width": 60.0,
        "copy_time": 1,
        "entry_flag": 1,
        "add_hole_mode": true,
        "hole_size": 2.1000000000000005,
        "hole_resolution": 30,
        "enable_connection": true,
        "con_left_length": 10.0,
        "con_right_length": 10.0,
        "con_radius": 1.8000000000000003,
        "bias_val": 3.0
    }
}