{
    "origami": [
        {
            "type": "kl",
            "tsp": [
                0.0,
                0.0
            ],
            "data": [
                [
                    36,
                    0
                ],
                [
                    21,
                    -2.3
                ],
                [
                    35,
                    -1.25
                ]
            ],
            "add_width": false
        }
    ],
    "util": {
        "hole_axis": [
            [
                [
                    64.99999999999996,
                    5.000000000000008
                ],
                2,
                true
            ],
            [
                [
                    65.00000000000009,
                    58.0
                ],
                3,
                true
            ],
            [
                [
                    77.99999999999991,
                    22.000000000000014
                ],
                4,
                true
            ],
            [
                [
                    78.0,
                    41.000000000000014
                ],
                5,
                true
            ],
            [
                [
                    56.0,
                    12.5
                ],
                2,
                true
            ],
            [
                [
                    56.000000000000014,
                    50.50000000000003
                ],
                3,
                true
            ],
            [
                [
                    24.00000000000002,
                    12.499999999999998
                ],
                0,
                true
            ],
            [
                [
                    24.0,
                    50.49999999999999
                ],
                1,
                true
            ]
        ]
    },
    "setting": {
        "unit_width": 63.0,
        "copy_time": 1,
        "entry_flag": 1,
        "add_hole_mode": true,
        "hole_size": 1.9000000000000006,
        "hole_resolution": 30,
        "enable_connection": true,
        "con_left_length": 9.0,
        "con_right_length": 10.0,
        "con_radius": 1.5,
        "bias_val": 3.0
    }
}