{
    "origami": [
        {
            "type": "leanMiura",
            "tsp": [
                0.0,
                0.0
            ],
            "data": {
                "half_type": 2,
                "stretch_length": 80.0
            },
            "add_width": false
        }
    ],
    "util": {
        "hole_axis": [
            [
                [
                    23.0,
                    9.000000000000002
                ],
                1,
                true
            ],
            [
                [
                    23.000000000000007,
                    50.99999999999998
                ],
                2,
                true
            ],
            [
                [
                    35.99999999999999,
                    21.000000000000007
                ],
                0,
                true
            ],
            [
                [
                    36.0,
                    38.999999999999986
                ],
                0,
                true
            ],
            [
                [
                    27.000000000000004,
                    30.0
                ],
                0,
                true
            ],
            [
                [
                    52.000000000000014,
                    7.999999999999998
                ],
                6,
                true
            ],
            [
                [
                    52.0,
                    51.999999999999986
                ],
                6,
                true
            ],
            [
                [
                    116.00000000000003,
                    7.999999999999997
                ],
                6,
                true
            ],
            [
                [
                    116.00000000000003,
                    52.00000000000001
                ],
                6,
                true
            ],
            [
                [
                    83.99999999999983,
                    30.000000000000018
                ],
                6,
                true
            ],
            [
                [
                    84.0,
                    15.099999999999996
                ],
                6,
                true
            ],
            [
                [
                    69.00000000000006,
                    30.0
                ],
                6,
                true
            ],
            [
                [
                    84.00000000000001,
                    44.99999999999999
                ],
                6,
                true
            ],
            [
                [
                    98.99999999999986,
                    30.0
                ],
                6,
                true
            ],
            [
                [
                    141.00000000000014,
                    29.999999999999993
                ],
                3,
                true
            ],
            [
                [
                    132.00000000000017,
                    38.999999999999986
                ],
                3,
                true
            ],
            [
                [
                    132.0,
                    22.00000000000001
                ],
                3,
                true
            ],
            [
                [
                    145.00000000000006,
                    8.999999999999998
                ],
                4,
                true
            ],
            [
                [
                    145.00000000000006,
                    50.999999999999986
                ],
                5,
                true
            ]
        ]
    },
    "setting": {
        "unit_width": 60.0,
        "copy_time": 1,
        "entry_flag": 0,
        "add_hole_mode": true,
        "hole_size": 2.1,
        "hole_resolution": 25,
        "enable_connection": true,
        "con_left_length": 14.0,
        "con_right_length": 14.0,
        "con_radius": 1.8,
        "bias_val": 3.0
    }
}