{
    "origami": [
        {
            "type": "kl",
            "tsp": [
                0.0,
                0.0
            ],
            "data": [
                [
                    43.4641,
                    0
                ],
                [
                    5,
                    2.094
                ],
                [
                    69.1176,
                    -1.047
                ],
                [
                    7.5,
                    -4.188
                ],
                [
                    37.6851,
                    -2.792
                ],
                [
                    6.5,
                    -1.047
                ],
                [
                    24.533,
                    -4.188
                ]
            ],
            "add_width": false
        }
    ],
    "util": {
        "hole_axis": [
            [
                [
                    21.72966101911033,
                    6.0
                ],
                0,
                true
            ],
            [
                [
                    21.72966101911033,
                    18.0
                ],
                1,
                true
            ],
            [
                [
                    45.9641,
                    4.0
                ],
                2,
                true
            ],
            [
                [
                    45.9641,
                    20.0
                ],
                3,
                true
            ],
            [
                [
                    83.02289999999999,
                    6.0
                ],
                4,
                true
            ],
            [
                [
                    83.02289999999999,
                    18.0
                ],
                5,
                true
            ],
            [
                [
                    121.3317,
                    4.0
                ],
                6,
                true
            ],
            [
                [
                    121.3317,
                    20.0
                ],
                7,
                true
            ],
            [
                [
                    143.92425,
                    6.0
                ],
                8,
                true
            ],
            [
                [
                    143.92425,
                    18.0
                ],
                9,
                true
            ],
            [
                [
                    166.0168,
                    4.0
                ],
                10,
                true
            ],
            [
                [
                    166.0168,
                    20.0
                ],
                11,
                true
            ],
            [
                [
                    181.5309110191103,
                    6.0
                ],
                12,
                true
            ],
            [
                [
                    181.5309110191103,
                    18.0
                ],
                13,
                true
            ]
        ]
    },
    "setting": {
        "unit_width": 24.0,
        "copy_time": 1,
        "entry_flag": 1,
        "add_hole_mode": true,
        "hole_size": 0.7,
        "hole_resolution": 30,
        "enable_connection": false,
        "con_left_length": 10.0,
        "con_right_length": 10.0,
        "con_radius": 1.5,
        "bias_val": 0.8999999999999999
    },
    "strings": {
        "type": [],
        "id": [],
        "reverse": []
    }
}