{
    "origami": [
        {
            "type": "kl",
            "tsp": [
                0.0,
                0.0
            ],
            "data": [
                [
                    54.6046,
                    0
                ],
                [
                    5,
                    2.094
                ],
                [
                    88.0658,
                    -1.047
                ],
                [
                    7.5,
                    -4.188
                ],
                [
                    53.3262,
                    -2.792
                ],
                [
                    6.5,
                    -1.047
                ],
                [
                    26.9447,
                    -4.188
                ]
            ],
            "add_width": false
        }
    ],
    "util": {
        "hole_axis": [
            [
                [
                    27.29991101911033,
                    6.0
                ],
                0,
                true
            ],
            [
                [
                    27.29991101911033,
                    18.0
                ],
                1,
                true
            ],
            [
                [
                    57.1046,
                    4.0
                ],
                2,
                true
            ],
            [
                [
                    57.1046,
                    20.0
                ],
                3,
                true
            ],
            [
                [
                    103.6375,
                    6.0
                ],
                4,
                true
            ],
            [
                [
                    103.63749999999999,
                    18.0
                ],
                5,
                true
            ],
            [
                [
                    151.4204,
                    4.0
                ],
                6,
                true
            ],
            [
                [
                    151.42039999999997,
                    20.0
                ],
                7,
                true
            ],
            [
                [
                    181.83350000000002,
                    6.0
                ],
                8,
                true
            ],
            [
                [
                    181.8335,
                    18.0
                ],
                9,
                true
            ],
            [
                [
                    211.7466,
                    4.0
                ],
                10,
                true
            ],
            [
                [
                    211.7466,
                    20.0
                ],
                11,
                true
            ],
            [
                [
                    228.46656101911034,
                    6.0
                ],
                12,
                true
            ],
            [
                [
                    228.46656101911034,
                    18.0
                ],
                13,
                true
            ]
        ]
    },
    "setting": {
        "unit_width": 24.0,
        "copy_time": 1,
        "entry_flag": 1,
        "add_hole_mode": true,
        "hole_size": 0.7,
        "hole_resolution": 30,
        "enable_connection": false,
        "con_left_length": 10.0,
        "con_right_length": 10.0,
        "con_radius": 1.5,
        "bias_val": 0.8999999999999999
    },
    "strings": {
        "type": [],
        "id": [],
        "reverse": []
    }
}