{
    "origami": [
        {
            "type": "kl",
            "tsp": [
                0.0,
                0.0
            ],
            "data": [
                [
                    18,
                    0
                ],
                [
                    13.5,
                    1.57
                ],
                [
                    13.5,
                    -1.57
                ],
                [
                    18,
                    -3.14
                ]
            ],
            "add_width": false
        }
    ],
    "util": {
        "hole_axis": [
            [
                [
                    30.635897435897483,
                    18.82307692307695
                ],
                0,
                true
            ],
            [
                [
                    39.03076923076923,
                    9.676923076923071
                ],
                2,
                true
            ],
            [
                [
                    56.271794871794896,
                    9.717948717948715
                ],
                4,
                true
            ],
            [
                [
                    65.11025641025648,
                    18.189743589743586
                ],
                6,
                true
            ],
            [
                [
                    65.38974358974377,
                    35.75384615384615
                ],
                7,
                true
            ],
            [
                [
                    56.15641025641027,
                    44.32820512820512
                ],
                5,
                true
            ],
            [
                [
                    38.96923076923075,
                    44.43846153846151
                ],
                3,
                true
            ],
            [
                [
                    30.358974358974447,
                    35.50769230769228
                ],
                1,
                true
            ]
        ]
    },
    "setting": {
        "unit_width": 53.9,
        "copy_time": 1,
        "entry_flag": 1,
        "add_hole_mode": true,
        "hole_size": 2.2000000000000006,
        "hole_resolution": 30,
        "enable_connection": true,
        "con_left_length": 16.0,
        "con_right_length": 16.0,
        "con_radius": 1.7000000000000002,
        "bias_val": 3.0
    }
}