{
    "origami": [
        {
            "type": "kl",
            "tsp": [
                0.0,
                0.0
            ],
            "data": [
                [
                    30,
                    0
                ],
                [
                    30,
                    1.57
                ]
            ],
            "add_width": false
        }
    ],
    "util": {
        "hole_axis": [
            [
                [
                    22.912621359223298,
                    13.398058252427184
                ],
                0,
                true
            ],
            [
                [
                    56.69902912621359,
                    13.398058252427184
                ],
                2,
                true
            ],
            [
                [
                    22.33009708737864,
                    40.3883495145631
                ],
                1,
                true
            ],
            [
                [
                    56.50485436893204,
                    40.582524271844655
                ],
                3,
                true
            ]
        ]
    },
    "setting": {
        "unit_width": 54.0,
        "copy_time": 1,
        "entry_flag": 0,
        "add_hole_mode": true,
        "hole_size": 2.2000000000000006,
        "hole_resolution": 30,
        "enable_connection": true,
        "con_left_length": 10.0,
        "con_right_length": 10.0,
        "con_radius": 1.7000000000000002,
        "bias_val": 3.0
    }
}