{
    "origami": [
        {
            "type": "kl",
            "tsp": [
                0.0,
                0.0
            ],
            "data": [
                [
                    27,
                    0
                ],
                [
                    33,
                    -2
                ],
                [
                    33,
                    0
                ],
                [
                    27,
                    -2
                ]
            ],
            "add_width": false
        }
    ],
    "util": {
        "hole_axis": [
            [
                [
                    13.496018365183886,
                    10.0
                ],
                0,
                true
            ],
            [
                [
                    13.496018365183886,
                    30.0
                ],
                1,
                true
            ],
            [
                [
                    43.5,
                    10.0
                ],
                2,
                true
            ],
            [
                [
                    43.5,
                    30.0
                ],
                3,
                true
            ],
            [
                [
                    76.5,
                    10.0
                ],
                4,
                true
            ],
            [
                [
                    76.5,
                    30.0
                ],
                5,
                true
            ],
            [
                [
                    106.49601836518389,
                    10.0
                ],
                6,
                true
            ],
            [
                [
                    106.49601836518389,
                    30.0
                ],
                7,
                true
            ],
            [
                [
                    13.496018365183886,
                    50.0
                ],
                8,
                true
            ],
            [
                [
                    13.496018365183886,
                    70.0
                ],
                9,
                true
            ],
            [
                [
                    43.5,
                    50.0
                ],
                10,
                true
            ],
            [
                [
                    43.5,
                    70.0
                ],
                11,
                true
            ],
            [
                [
                    76.5,
                    50.0
                ],
                12,
                true
            ],
            [
                [
                    76.5,
                    70.0
                ],
                13,
                true
            ],
            [
                [
                    106.49601836518389,
                    50.0
                ],
                14,
                true
            ],
            [
                [
                    106.49601836518389,
                    70.0
                ],
                15,
                true
            ]
        ]
    },
    "setting": {
        "unit_width": 40.0,
        "copy_time": 2,
        "entry_flag": 0,
        "add_hole_mode": true,
        "hole_size": 0.5,
        "hole_resolution": 3,
        "enable_connection": false,
        "con_left_length": 10.0,
        "con_right_length": 10.0,
        "con_radius": 1.5,
        "bias_val": 3.0
    },
    "strings": {
        "type": [
            [
                "A",
                "B",
                "B",
                "B",
                "B",
                "A"
            ],
            [
                "A",
                "B",
                "B",
                "B",
                "B",
                "A"
            ]
        ],
        "id": [
            [
                36,
                1,
                2,
                5,
                7,
                0
            ],
            [
                36,
                8,
                11,
                12,
                14,
                0
            ]
        ],
        "reverse": [
            [
                -1,
                -1,
                1,
                -1,
                1,
                -1
            ],
            [
                -1,
                -1,
                1,
                -1,
                1,
                -1
            ]
        ]
    }
}