{
    "origami": [
        {
            "type": "kl",
            "tsp": [
                0.0,
                0.0
            ],
            "data": [
                [
                    40,
                    0
                ],
                [
                    30,
                    1.5707
                ],
                [
                    30,
                    3.14
                ],
                [
                    30,
                    1.5707
                ]
            ],
            "add_width": false
        }
    ],
    "util": {
        "hole_axis": [
            [
                [
                    19.99591882431348,
                    10.25
                ],
                0,
                true
            ],
            [
                [
                    19.995918824313478,
                    30.75
                ],
                1,
                true
            ],
            [
                [
                    55.0,
                    10.25
                ],
                2,
                true
            ],
            [
                [
                    55.0,
                    30.75
                ],
                3,
                true
            ],
            [
                [
                    85.0,
                    10.25
                ],
                4,
                true
            ],
            [
                [
                    85.0,
                    30.75
                ],
                5,
                true
            ],
            [
                [
                    114.99591882431349,
                    10.25
                ],
                6,
                true
            ],
            [
                [
                    114.99591882431349,
                    30.75
                ],
                7,
                true
            ],
            [
                [
                    19.99591882431348,
                    51.25
                ],
                8,
                true
            ],
            [
                [
                    19.995918824313478,
                    71.75
                ],
                9,
                true
            ],
            [
                [
                    55.0,
                    51.25
                ],
                10,
                true
            ],
            [
                [
                    55.0,
                    71.75
                ],
                11,
                true
            ],
            [
                [
                    85.0,
                    51.25
                ],
                12,
                true
            ],
            [
                [
                    85.0,
                    71.75
                ],
                13,
                true
            ],
            [
                [
                    114.99591882431349,
                    51.25
                ],
                14,
                true
            ],
            [
                [
                    114.99591882431349,
                    71.75
                ],
                15,
                true
            ]
        ]
    },
    "setting": {
        "unit_width": 41.0,
        "copy_time": 2,
        "entry_flag": 0,
        "add_hole_mode": true,
        "hole_size": 0.6,
        "hole_resolution": 30,
        "enable_connection": false,
        "con_left_length": 10.0,
        "con_right_length": 10.0,
        "con_radius": 1.5,
        "bias_val": 2.0
    },
    "strings": {
        "type": [
            [
                "A",
                "B"
            ],
            [
                "A",
                "B"
            ]
        ],
        "id": [
            [
                18,
                14
            ],
            [
                18,
                13
            ]
        ],
        "reverse": [
            [
                1,
                1
            ],
            [
                1,
                1
            ]
        ]
    }
}