{
    "origami": [
        {
            "type": "kl",
            "tsp": [
                0.0,
                0.0
            ],
            "data": [
                [
                    50.0,
                    0
                ],
                [
                    49.89403802135038,
                    -1.762213763946841
                ],
                [
                    41.133360416543994,
                    -2.6348783899440056
                ],
                [
                    31.21669344662945,
                    -1.762213763946841
                ],
                [
                    24.627907824662028,
                    -2.6348783899440056
                ],
                [
                    27.39286702634468,
                    -4.346593243610805
                ],
                [
                    24.043733073913547,
                    -2.7086621026352695
                ]
            ],
            "add_width": false
        }
    ],
    "util": {
        "hole_axis": [
            [
                [
                    34.18604651162791,
                    11.395348837209303
                ],
                0,
                true
            ],
            [
                [
                    79.72222222222221,
                    11.11111111111111
                ],
                2,
                true
            ]
        ]
    },
    "setting": {
        "unit_width": 45.0,
        "copy_time": 3,
        "entry_flag": 0,
        "add_hole_mode": true,
        "hole_size": 1.3,
        "hole_resolution": 30,
        "enable_connection": true,
        "con_left_length": 10.0,
        "con_right_length": 10.0,
        "con_radius": 1.5,
        "bias_val": 3.0
    }
}