{
    "origami": [
        {
            "type": "kl",
            "tsp": [
                0.0,
                0.0
            ],
            "data": [
                [
                    13.5,
                    0
                ],
                [
                    13.5,
                    1.57
                ],
                [
                    13.5,
                    -1.57
                ],
                [
                    13.5,
                    -3.14
                ]
            ],
            "add_width": false
        }
    ],
    "util": {
        "hole_axis": [
            [
                [
                    24.942424242424252,
                    18.024242424242434
                ],
                0,
                true
            ],
            [
                [
                    34.00909090909089,
                    9.036363636363635
                ],
                2,
                true
            ],
            [
                [
                    52.06666666666668,
                    8.984848484848483
                ],
                4,
                true
            ],
            [
                [
                    61.04242424242427,
                    17.987878787878778
                ],
                6,
                true
            ],
            [
                [
                    61.01818181818181,
                    36.04848484848487
                ],
                7,
                true
            ],
            [
                [
                    52.01818181818182,
                    44.97272727272731
                ],
                5,
                true
            ],
            [
                [
                    34.01818181818178,
                    45.06666666666665
                ],
                3,
                true
            ],
            [
                [
                    24.987878787878806,
                    36.04242424242427
                ],
                1,
                true
            ]
        ]
    },
    "setting": {
        "unit_width": 53.99,
        "copy_time": 1,
        "entry_flag": 1,
        "add_hole_mode": true,
        "hole_size": 2.2,
        "hole_resolution": 30,
        "enable_connection": true,
        "con_left_length": 16.0,
        "con_right_length": 16.0,
        "con_radius": 1.7000000000000002,
        "bias_val": 3.0
    }
}