{
    "origami": [
        {
            "type": "kl",
            "tsp": [
                0.0,
                0.0
            ],
            "data": [
                [
                    47.4641,
                    0
                ],
                [
                    5,
                    2.094
                ],
                [
                    63.9641,
                    -1.047
                ],
                [
                    6.5,
                    -4.188
                ],
                [
                    32,
                    -2.617
                ]
            ],
            "add_width": false
        }
    ],
    "unit_bias_list": [
        [
            0.23999999999999994,
            null,
            null,
            null
        ],
        [
            null,
            null,
            null,
            null
        ],
        [
            null,
            null,
            null,
            null
        ],
        [
            null,
            null,
            null,
            null
        ],
        [
            null,
            null,
            null,
            null
        ],
        [
            null,
            null,
            null,
            null
        ],
        [
            null,
            null,
            null,
            null
        ],
        [
            null,
            null,
            null,
            null
        ],
        [
            null,
            null,
            null,
            null
        ],
        [
            null,
            null,
            null,
            null
        ]
    ],
    "util": {
        "hole_axis": [
            [
                [
                    23.72966101911033,
                    6.0
                ],
                0,
                true
            ],
            [
                [
                    23.72966101911033,
                    18.0
                ],
                1,
                true
            ],
            [
                [
                    49.9641,
                    4.000000000000007
                ],
                2,
                true
            ],
            [
                [
                    49.96410000000001,
                    20.00000000000003
                ],
                3,
                true
            ],
            [
                [
                    84.44615,
                    6.0
                ],
                4,
                true
            ],
            [
                [
                    84.44615,
                    18.0
                ],
                5,
                true
            ],
            [
                [
                    119.6782,
                    4.000000000000007
                ],
                6,
                true
            ],
            [
                [
                    119.6782,
                    20.00000000000003
                ],
                7,
                true
            ],
            [
                [
                    138.9258110191103,
                    6.0
                ],
                8,
                true
            ],
            [
                [
                    138.92581101911034,
                    18.0
                ],
                9,
                true
            ]
        ]
    },
    "setting": {
        "unit_width": 24.0,
        "copy_time": 1,
        "entry_flag": 1,
        "add_hole_mode": true,
        "hole_size": 0.7,
        "hole_resolution": 30,
        "enable_connection": false,
        "con_left_length": 10.0,
        "con_right_length": 10.0,
        "con_radius": 1.5,
        "bias_val": 1.0
    },
    "strings": {
        "type": [],
        "id": [],
        "reverse": []
    }
}