{
    "origami": [
        {
            "type": "kl",
            "tsp": [
                0.0,
                0.0
            ],
            "data": [
                [
                    30,
                    0
                ],
                [
                    50,
                    -1.6
                ],
                [
                    30,
                    -3.2
                ]
            ],
            "add_width": false
        }
    ],
    "util": {
        "hole_axis": [
            [
                [
                    65.00000000000031,
                    10.000000000000021
                ],
                2,
                true
            ],
            [
                [
                    74.99999999999997,
                    10.000000000000002
                ],
                2,
                true
            ],
            [
                [
                    65.0,
                    53.00000000000001
                ],
                3,
                true
            ],
            [
                [
                    75.00000000000003,
                    52.99999999999999
                ],
                3,
                true
            ],
            [
                [
                    112.00000000000006,
                    10.000000000000002
                ],
                4,
                true
            ],
            [
                [
                    120.00000000000006,
                    10.0
                ],
                4,
                true
            ],
            [
                [
                    112.00000000000006,
                    52.99999999999999
                ],
                5,
                true
            ],
            [
                [
                    120.00000000000006,
                    53.0
                ],
                5,
                true
            ],
            [
                [
                    87.0,
                    6.0
                ],
                2,
                true
            ],
            [
                [
                    103.00000000000004,
                    23.999999999999996
                ],
                4,
                true
            ],
            [
                [
                    103.00000000000003,
                    39.0
                ],
                5,
                true
            ],
            [
                [
                    87.00000000000007,
                    56.999999999999986
                ],
                3,
                true
            ],
            [
                [
                    53.00000000000003,
                    6.0
                ],
                2,
                true
            ],
            [
                [
                    53.000000000000014,
                    57.0
                ],
                3,
                true
            ],
            [
                [
                    36.99999999999999,
                    24.000000000000036
                ],
                0,
                true
            ],
            [
                [
                    37.0,
                    38.99999999999999
                ],
                1,
                true
            ],
            [
                [
                    28.000000000000025,
                    9.999999999999998
                ],
                0,
                true
            ],
            [
                [
                    27.99999999999998,
                    53.000000000000014
                ],
                1,
                true
            ],
            [
                [
                    20.000000000000007,
                    10.0
                ],
                0,
                true
            ],
            [
                [
                    20.000000000000004,
                    53.0
                ],
                1,
                true
            ]
        ]
    },
    "setting": {
        "unit_width": 63.0,
        "copy_time": 1,
        "entry_flag": 0,
        "add_hole_mode": true,
        "hole_size": 1.9,
        "hole_resolution": 30,
        "enable_connection": true,
        "con_left_length": 15.0,
        "con_right_length": 15.0,
        "con_radius": 1.8,
        "bias_val": 3.0
    }
}