{
    "origami": [
        {
            "type": "dxf",
            "tsp": [
                0,
                0
            ],
            "data": {
                "kps": [
                    [
                        2.1e-15,
                        35.0,
                        0.0
                    ],
                    [
                        6.500000000000002,
                        43.66025403784438,
                        0.0
                    ],
                    [
                        20.0,
                        35.0,
                        0.0
                    ],
                    [
                        13.50000000000001,
                        43.66025403784439,
                        0.0
                    ],
                    [
                        2.1e-15,
                        52.32050807568876,
                        0.0
                    ],
                    [
                        20.0,
                        52.32050807568876,
                        0.0
                    ],
                    [
                        2.7e-15,
                        43.66025403784438,
                        0.0
                    ],
                    [
                        20.0,
                        43.66025403784438,
                        0.0
                    ],
                    [
                        3.4e-15,
                        72.32050807568876,
                        0.0
                    ],
                    [
                        20.0,
                        72.32050807568876,
                        0.0
                    ],
                    [
                        -1.5e-15,
                        15.0,
                        0.0
                    ],
                    [
                        20.0,
                        15.0,
                        0.0
                    ]
                ],
                "lines": [
                    [
                        [
                            2.1e-15,
                            35.0,
                            0.0
                        ],
                        [
                            6.500000000000002,
                            43.66025403784438,
                            0.0
                        ]
                    ],
                    [
                        [
                            20.0,
                            35.0,
                            0.0
                        ],
                        [
                            13.50000000000001,
                            43.66025403784439,
                            0.0
                        ]
                    ],
                    [
                        [
                            2.1e-15,
                            52.32050807568876,
                            0.0
                        ],
                        [
                            6.500000000000002,
                            43.66025403784438,
                            0.0
                        ]
                    ],
                    [
                        [
                            20.0,
                            52.32050807568876,
                            0.0
                        ],
                        [
                            13.50000000000001,
                            43.66025403784439,
                            0.0
                        ]
                    ],
                    [
                        [
                            2.1e-15,
                            35.0,
                            0.0
                        ],
                        [
                            2.7e-15,
                            43.66025403784438,
                            0.0
                        ]
                    ],
                    [
                        [
                            2.7e-15,
                            43.66025403784438,
                            0.0
                        ],
                        [
                            6.500000000000002,
                            43.66025403784438,
                            0.0
                        ]
                    ],
                    [
                        [
                            20.0,
                            43.66025403784438,
                            0.0
                        ],
                        [
                            13.50000000000001,
                            43.66025403784439,
                            0.0
                        ]
                    ],
                    [
                        [
                            6.500000000000002,
                            43.66025403784438,
                            0.0
                        ],
                        [
                            13.50000000000001,
                            43.66025403784439,
                            0.0
                        ]
                    ],
                    [
                        [
                            2.1e-15,
                            52.32050807568876,
                            0.0
                        ],
                        [
                            3.4e-15,
                            72.32050807568876,
                            0.0
                        ]
                    ],
                    [
                        [
                            3.4e-15,
                            72.32050807568876,
                            0.0
                        ],
                        [
                            20.0,
                            72.32050807568876,
                            0.0
                        ]
                    ],
                    [
                        [
                            20.0,
                            72.32050807568876,
                            0.0
                        ],
                        [
                            20.0,
                            52.32050807568876,
                            0.0
                        ]
                    ],
                    [
                        [
                            2.1e-15,
                            35.0,
                            0.0
                        ],
                        [
                            -1.5e-15,
                            15.0,
                            0.0
                        ]
                    ],
                    [
                        [
                            -1.5e-15,
                            15.0,
                            0.0
                        ],
                        [
                            20.0,
                            15.0,
                            0.0
                        ]
                    ],
                    [
                        [
                            20.0,
                            15.0,
                            0.0
                        ],
                        [
                            20.0,
                            35.0,
                            0.0
                        ]
                    ],
                    [
                        [
                            2.7e-15,
                            43.66025403784438,
                            0.0
                        ],
                        [
                            2.1e-15,
                            52.32050807568876,
                            0.0
                        ]
                    ],
                    [
                        [
                            20.0,
                            52.32050807568876,
                            0.0
                        ],
                        [
                            20.0,
                            43.66025403784438,
                            0.0
                        ]
