{
    "origami": [
        {
            "type": "kl",
            "tsp": [
                0.0,
                0.0
            ],
            "data": [
                [
                    8,
                    1.5707
                ],
                [
                    16,
                    0
                ],
                [
                    8,
                    -1.5707
                ],
                [
                    8,
                    1.5707
                ],
                [
                    16,
                    0
                ],
                [
                    8,
                    -1.5707
                ],
                [
                    8,
                    1.5707
                ],
                [
                    16,
                    0
                ],
                [
                    8,
                    -1.5707
                ]
            ],
            "add_width": false
        }
    ],
    "util": {
        "hole_axis": [
            [
                [
                    3.9970137738879132,
                    10.05
                ],
                0,
                true
            ],
            [
                [
                    3.9970137738879137,
                    19.95
                ],
                1,
                true
            ],
            [
                [
                    16.0,
                    4.949999999999999
                ],
                2,
                true
            ],
            [
                [
                    16.0,
                    25.05
                ],
                3,
                true
            ],
            [
                [
                    28.0,
                    10.05
                ],
                4,
                true
            ],
            [
                [
                    28.0,
                    19.95
                ],
                5,
                true
            ],
            [
                [
                    36.0,
                    4.949999999999999
                ],
                6,
                true
            ],
            [
                [
                    36.0,
                    25.05
                ],
                7,
                true
            ],
            [
                [
                    48.0,
                    10.05
                ],
                8,
                true
            ],
            [
                [
                    48.0,
                    19.95
                ],
                9,
                true
            ],
            [
                [
                    60.0,
                    4.949999999999999
                ],
                10,
                true
            ],
            [
                [
                    60.0,
                    25.05
                ],
                11,
                true
            ],
            [
                [
                    68.0,
                    10.05
                ],
                12,
                true
            ],
            [
                [
                    68.0,
                    19.95
                ],
                13,
                true
            ],
            [
                [
                    80.0,
                    4.949999999999999
                ],
                14,
                true
            ],
            [
                [
                    80.0,
                    25.05
                ],
                15,
                true
            ],
            [
                [
                    91.99701377388791,
                    10.05
                ],
                16,
                true
            ],
            [
                [
                    91.99701377388791,
                    19.95
                ],
                17,
                true
            ],
            [
                [
                    3.9970137738879132,
                    40.05
                ],
                18,
                true
            ],
            [
                [
                    3.9970137738879137,
                    49.95
                ],
                19,
                true
            ],
            [
                [
                    16.0,
                    34.95
                ],
                20,
                true
            ],
            [
                [
                    16.0,
                    55.05
                ],
                21,
                true
            ],
            [
                [
                    28.0,
                    40.05
                ],
                22,
                true
            ],
            [
                [
                    28.0,
                    49.95
                ],
                23,
                true
            ],
            [
                [
                    36.0,
                    34.95
                ],
                24,
                true
            ],
            [
                [
                    36.0,
                    55.05
                ],
                25,
                true
            ],
            [
                [
                    48.0,
                    40.05
                ],
                26,
                true
            ],
            [
                [
                    48.0,
                    49.95
                ],
                27,
                true
            ],
            [
                [
                    60.0,
                    34.95
                ],
                28,
                true
            ],
            [
                [
                    60.0,
                    55.05
                ],
                29,
                true
            ],
            [
                [
                    68.0,
                    40.05
                ],
                30,
                true
            ],
            [
                [
                    68.0,
                    49.95
                ],
                31,
                true
            ],
            [
                [
                    80.0,
                    34.95
                ],
                32,
                true
            ],
            [
                [
                    80.0,
                    55.05
                ],
                33,
                true
            ],
            [
                [
                    91.99701377388791,
                    40.05
                ],
                34,
                true
            ],
            [
                [
                    91.99701377388791,
                    49.95
                ],
                35,
                true
            ]
        ]
    },
    "setting": {
        "unit_width": 30.0,
        "copy_time": 2,
        "entry_flag": 0,
        "add_hole_mode": true,
        "hole_size": 1.2,
        "hole_resolution": 29,
        "enable_connection": false,
        "con_left_length": 10.0,
        "con_right_length": 10.0,
        "con_radius": 1.5,
        "bias_val": 2.0
    },
    "strings": {
        "type": [],
        "id": [],
        "reverse": []
    }
}